train/loss,train/epoch,step
0.8655580878257751,0,100
0.48441407084465027,1,200
0.5523511171340942,1,300
0.4695180058479309,2,400
0.47663646936416626,2,500
0.5423095226287842,3,600
0.46478408575057983,3,700
0.4506644606590271,4,800
0.416565477848053,4,900
0.35865798592567444,5,1000
0.45448702573776245,5,1100
0.41953080892562866,6,1200
0.3605700135231018,6,1300
0.40085655450820923,7,1400
0.3966364860534668,7,1500
0.36540400981903076,8,1600
0.37195494771003723,8,1700
0.4150635004043579,9,1800
0.3653453588485718,10,1900
0.31710076332092285,10,2000
0.3880543112754822,11,2100
0.330890029668808,11,2200
0.39415836334228516,12,2300
0.35685932636260986,12,2400
0.3458971381187439,13,2500
0.3398629426956177,13,2600
0.3532445430755615,14,2700
0.3370123505592346,14,2800
0.3264716565608978,15,2900
0.37817561626434326,15,3000
0.35902124643325806,16,3100
0.3386245667934418,16,3200
0.3472048044204712,17,3300
0.28473636507987976,17,3400
0.3501189947128296,18,3500
0.3473849296569824,19,3600
0.3714143633842468,19,3700
0.30523520708084106,20,3800
0.3870192766189575,20,3900
0.3298720717430115,21,4000
0.3724770247936249,21,4100
0.3770349621772766,22,4200
0.3069995641708374,22,4300
0.3073751628398895,23,4400
0.299905925989151,23,4500
0.32681500911712646,24,4600
0.33900517225265503,24,4700
0.2848227918148041,25,4800
0.3058825135231018,25,4900
0.36866575479507446,26,5000
0.3398236632347107,26,5100
0.32938066124916077,27,5200
0.31575214862823486,28,5300
0.36414220929145813,28,5400
0.3160703480243683,29,5500
0.325451135635376,29,5600
0.27250856161117554,30,5700
0.328701376914978,30,5800
0.35042792558670044,31,5900
0.34803104400634766,31,6000
0.30783459544181824,32,6100
0.32304298877716064,32,6200
0.2872633934020996,33,6300
0.2629702687263489,33,6400
0.31916654109954834,34,6500
0.24931730329990387,34,6600
0.3129569888114929,35,6700
0.3110763728618622,35,6800
0.3422137200832367,36,6900
0.336275577545166,37,7000
0.34354305267333984,37,7100
0.323480486869812,38,7200
0.28785771131515503,38,7300
0.3224472999572754,39,7400
0.26438653469085693,39,7500
0.25994056463241577,40,7600
0.2549864649772644,40,7700
0.2901775538921356,41,7800
0.2672966718673706,41,7900
0.33407682180404663,42,8000
0.28564611077308655,42,8100
0.2980861961841583,43,8200
0.32136157155036926,43,8300
0.2654505670070648,44,8400
0.3326411545276642,44,8500
0.28060948848724365,45,8600
0.275076687335968,46,8700
0.31888899207115173,46,8800
0.28723204135894775,47,8900
0.343023419380188,47,9000
0.3178718686103821,48,9100
0.29127761721611023,48,9200
0.30016982555389404,49,9300
0.30666041374206543,49,9400
0.2968572676181793,50,9500
0.28283172845840454,50,9600
0.3033508062362671,51,9700
0.3061639368534088,51,9800
0.2495773881673813,52,9900
0.2869265675544739,52,10000
,,10000
0.2868309020996094,53,10100
0.2832437753677368,53,10200
0.2939828634262085,54,10300
0.2759404480457306,55,10400
0.26585879921913147,55,10500
0.3058125674724579,56,10600
0.24953311681747437,56,10700
0.33643341064453125,57,10800
0.2856694161891937,57,10900
0.3143813908100128,58,11000
0.2804967761039734,58,11100
0.2245447188615799,59,11200
0.25140905380249023,59,11300
0.31856977939605713,60,11400
0.3084198832511902,60,11500
0.28180891275405884,61,11600
0.3003588914871216,61,11700
0.29005545377731323,62,11800
0.27007243037223816,62,11900
0.2761342525482178,63,12000
0.24355745315551758,64,12100
0.2760976552963257,64,12200
0.25037679076194763,65,12300
0.26918351650238037,65,12400
0.3054792284965515,66,12500
0.25582003593444824,66,12600
0.33219337463378906,67,12700
0.28620052337646484,67,12800
0.30728980898857117,68,12900
0.284161239862442,68,13000
0.23545491695404053,69,13100
0.23076626658439636,69,13200
0.29870641231536865,70,13300
0.29299092292785645,70,13400
0.2547599971294403,71,13500
0.2442202866077423,71,13600
0.2544107437133789,72,13700
0.2750149965286255,73,13800
0.29126811027526855,73,13900
0.2608521282672882,74,14000
0.26312342286109924,74,14100
0.257408082485199,75,14200
0.3368542194366455,75,14300
0.2831815481185913,76,14400
0.30704522132873535,76,14500
0.27161163091659546,77,14600
0.32329869270324707,77,14700
0.2839796245098114,78,14800
0.23388230800628662,78,14900
0.2971835732460022,79,15000
0.2513543963432312,79,15100
0.2503211498260498,80,15200
0.2506087124347687,80,15300
0.2547793686389923,81,15400
0.2786043882369995,82,15500
0.32115083932876587,82,15600
0.3124352991580963,83,15700
0.24575206637382507,83,15800
0.28284943103790283,84,15900
0.234228253364563,84,16000
0.25084543228149414,85,16100
0.2763422429561615,85,16200
0.23580767214298248,86,16300
0.272769033908844,86,16400
0.2796403169631958,87,16500
0.22833336889743805,87,16600
0.2461557239294052,88,16700
0.296872615814209,88,16800
0.22655603289604187,89,16900
0.25940001010894775,89,17000
0.29261118173599243,90,17100
0.30307331681251526,91,17200
0.26432541012763977,91,17300
0.2293090671300888,92,17400
0.2741558253765106,92,17500
0.26585349440574646,93,17600
0.24922515451908112,93,17700
0.29087716341018677,94,17800
0.2544087767601013,94,17900
0.2322082668542862,95,18000
0.2725405693054199,95,18100
0.2402116358280182,96,18200
0.25799596309661865,96,18300
0.2859461307525635,97,18400
0.2799060344696045,97,18500
0.2780154347419739,98,18600
0.2862076461315155,98,18700
0.28320181369781494,99,18800
0.25875046849250793,99,18900
0.284605473279953,100,19000
0.25119367241859436,101,19100
0.24207717180252075,101,19200
0.28502053022384644,102,19300
0.2647963762283325,102,19400
0.28623977303504944,103,19500
0.23544663190841675,103,19600
0.24304409325122833,104,19700
0.21303167939186096,104,19800
0.23314720392227173,105,19900
0.24427126348018646,105,20000
,,20000
0.23312294483184814,106,20100
0.2422209233045578,106,20200
0.2472861111164093,107,20300
0.22078050673007965,107,20400
0.27204224467277527,108,20500
0.21984148025512695,108,20600
0.2534027695655823,109,20700
0.26801449060440063,110,20800
0.21442614495754242,110,20900
0.2792500853538513,111,21000
0.2774777412414551,111,21100
0.255512535572052,112,21200
0.25076431035995483,112,21300
0.25600165128707886,113,21400
0.23059289157390594,113,21500
0.2750784158706665,114,21600
0.3096659183502197,114,21700
0.23760755360126495,115,21800
0.2530388832092285,115,21900
0.29928597807884216,116,22000
0.24551844596862793,116,22100
0.23986536264419556,117,22200
0.2527230978012085,117,22300
0.269112765789032,118,22400
0.24250100553035736,119,22500
0.26576289534568787,119,22600
0.24246443808078766,120,22700
0.279310405254364,120,22800
0.2551180124282837,121,22900
0.21077296137809753,121,23000
0.2800806164741516,122,23100
0.25278186798095703,122,23200
0.22847500443458557,123,23300
0.248247429728508,123,23400
0.24374130368232727,124,23500
0.2795177102088928,124,23600
0.26142674684524536,125,23700
0.2664796710014343,125,23800
0.25041067600250244,126,23900
0.24472321569919586,126,24000
0.2709636092185974,127,24100
0.2732575535774231,128,24200
0.28440725803375244,128,24300
0.2566642463207245,129,24400
0.27550363540649414,129,24500
0.22131995856761932,130,24600
0.2451329231262207,130,24700
0.23235224187374115,131,24800
0.2583424746990204,131,24900
0.24781769514083862,132,25000
0.24907691776752472,132,25100
0.3110002875328064,133,25200
0.23926429450511932,133,25300
0.2555960416793823,134,25400
0.2548536956310272,134,25500
0.26034116744995117,135,25600
0.22596555948257446,135,25700
0.2894718647003174,136,25800
0.26821088790893555,137,25900
0.2525091767311096,137,26000
0.22022926807403564,138,26100
0.2482089102268219,138,26200
0.250671923160553,139,26300
0.2231450080871582,139,26400
0.25265970826148987,140,26500
0.22897806763648987,140,26600
0.21510769426822662,141,26700
0.27516597509384155,141,26800
0.22248390316963196,142,26900
0.23100274801254272,142,27000
0.24158994853496552,143,27100
0.25888335704803467,143,27200
0.22588498890399933,144,27300
0.2578502595424652,144,27400
0.21754561364650726,145,27500
0.28422513604164124,146,27600
0.2440972924232483,146,27700
0.242640420794487,147,27800
0.2432735711336136,147,27900
0.2506338953971863,148,28000
0.19371484220027924,148,28100
0.24523000419139862,149,28200
0.2121017426252365,149,28300
0.23605549335479736,150,28400
0.2771163880825043,150,28500
0.2465129792690277,151,28600
0.23478814959526062,151,28700
0.20761410892009735,152,28800
0.2621394395828247,152,28900
0.24305900931358337,153,29000
0.19425834715366364,153,29100
0.24616774916648865,154,29200
0.24583378434181213,155,29300
0.2544427216053009,155,29400
0.24280981719493866,156,29500
0.25701266527175903,156,29600
0.2606795132160187,157,29700
0.2038361132144928,157,29800
0.22386330366134644,158,29900
0.24186491966247559,158,30000
,,30000
0.19825991988182068,159,30100
0.19076988101005554,159,30200
0.27935755252838135,160,30300
0.19076308608055115,160,30400
0.25148633122444153,161,30500
0.2847473621368408,161,30600
0.22500446438789368,162,30700
0.24488481879234314,162,30800
0.23548290133476257,163,30900
0.24936743080615997,164,31000
0.2443867325782776,164,31100
0.2350684106349945,165,31200
0.23232802748680115,165,31300
0.2153306007385254,166,31400
0.2403806447982788,166,31500
0.21026453375816345,167,31600
0.20481941103935242,167,31700
0.2560161054134369,168,31800
0.22147324681282043,168,31900
0.23142097890377045,169,32000
0.20829738676548004,169,32100
0.2619253993034363,170,32200
0.2300557941198349,170,32300
0.20662152767181396,171,32400
0.2430875599384308,171,32500
0.2546572685241699,172,32600
0.2304067462682724,173,32700
0.2101762294769287,173,32800
0.18838080763816833,174,32900
0.24806906282901764,174,33000
0.207183375954628,175,33100
0.24047847092151642,175,33200
0.218246191740036,176,33300
0.2073104828596115,176,33400
0.27552667260169983,177,33500
0.26035094261169434,177,33600
0.25160861015319824,178,33700
0.2352459728717804,178,33800
0.23138807713985443,179,33900
0.22821179032325745,179,34000
0.253583699464798,180,34100
0.19401316344738007,180,34200
0.23937872052192688,181,34300
0.21220052242279053,182,34400
0.24330267310142517,182,34500
0.20420630276203156,183,34600
0.19555242359638214,183,34700
0.18655341863632202,184,34800
0.26660940051078796,184,34900
0.19076405465602875,185,35000
0.24756187200546265,185,35100
0.22435560822486877,186,35200
0.20167173445224762,186,35300
0.23689503967761993,187,35400
0.24383142590522766,187,35500
0.267892062664032,188,35600
0.24025756120681763,188,35700
0.22531484067440033,189,35800
0.20837406814098358,189,35900
0.21359388530254364,190,36000
0.24912914633750916,191,36100
0.24653072655200958,191,36200
0.19774673879146576,192,36300
0.2168678343296051,192,36400
0.21291925013065338,193,36500
0.19040344655513763,193,36600
0.24835655093193054,194,36700
0.2014712542295456,194,36800
0.1874832808971405,195,36900
0.23155522346496582,195,37000
0.2440478801727295,196,37100
0.2387997806072235,196,37200
0.21614107489585876,197,37300
0.19734397530555725,197,37400
0.19930949807167053,198,37500
0.1779623031616211,198,37600
0.19059354066848755,199,37700
0.20883412659168243,199,37800
0.22119073569774628,200,37900
0.2211904525756836,201,38000
0.2097312957048416,201,38100
0.1976093202829361,202,38200
0.24921967089176178,202,38300
0.2444949597120285,203,38400
0.2144257128238678,203,38500
0.19801360368728638,204,38600
0.21634450554847717,204,38700
0.21287603676319122,205,38800
0.22625324130058289,205,38900
0.23140156269073486,206,39000
0.2078082263469696,206,39100
0.20899251103401184,207,39200
0.2244037687778473,207,39300
0.18637335300445557,208,39400
0.21756789088249207,208,39500
0.18683937191963196,209,39600
0.19198957085609436,210,39700
0.23283417522907257,210,39800
0.21066437661647797,211,39900
0.21515369415283203,211,40000
,,40000
0.18085280060768127,212,40100
0.21250924468040466,212,40200
0.22743892669677734,213,40300
0.1980479657649994,213,40400
0.20909905433654785,214,40500
0.2375294268131256,214,40600
0.1986750066280365,215,40700
0.18696120381355286,215,40800
0.24518945813179016,216,40900
0.21163538098335266,216,41000
0.2480892688035965,217,41100
0.2140813022851944,217,41200
0.19865459203720093,218,41300
0.26257556676864624,219,41400
0.2177698165178299,219,41500
0.2035215049982071,220,41600
0.23338836431503296,220,41700
0.2070557326078415,221,41800
0.2294645607471466,221,41900
0.1870395392179489,222,42000
0.23391583561897278,222,42100
0.21416230499744415,223,42200
0.21463549137115479,223,42300
0.24216195940971375,224,42400
0.22994452714920044,224,42500
0.2135925441980362,225,42600
0.19099190831184387,225,42700
0.1822005808353424,226,42800
0.1811155080795288,226,42900
0.18197736144065857,227,43000
0.21482382714748383,228,43100
0.1929066777229309,228,43200
0.18082201480865479,229,43300
0.23598890006542206,229,43400
0.2019224315881729,230,43500
0.21343496441841125,230,43600
0.18343663215637207,231,43700
0.21189464628696442,231,43800
0.22117173671722412,232,43900
0.18941712379455566,232,44000
0.265750527381897,233,44100
0.2427615523338318,233,44200
0.2040281593799591,234,44300
0.21653351187705994,234,44400
0.1988103687763214,235,44500
0.26424628496170044,235,44600
0.2199985682964325,236,44700
0.1830347180366516,237,44800
0.2305738776922226,237,44900
0.2219138741493225,238,45000
0.19917529821395874,238,45100
0.2396615892648697,239,45200
0.21184313297271729,239,45300
0.17713329195976257,240,45400
0.20383930206298828,240,45500
0.2014930546283722,241,45600
0.1936361938714981,241,45700
0.23120440542697906,242,45800
0.18166130781173706,242,45900
0.19892102479934692,243,46000
0.20713041722774506,243,46100
0.21954888105392456,244,46200
0.22750918567180634,244,46300
0.24360473453998566,245,46400
0.19134970009326935,246,46500
0.21190202236175537,246,46600
0.20865681767463684,247,46700
0.20081627368927002,247,46800
0.23785382509231567,248,46900
0.18393635749816895,248,47000
0.16334103047847748,249,47100
0.23183995485305786,249,47200
0.23314690589904785,250,47300
0.18916922807693481,250,47400
0.2469225972890854,251,47500
0.24834321439266205,251,47600
0.21512630581855774,252,47700
0.20248007774353027,252,47800
0.21877019107341766,253,47900
0.24480889737606049,253,48000
0.21051543951034546,254,48100
0.21606174111366272,255,48200
0.1857394129037857,255,48300
0.1969773769378662,256,48400
0.20259849727153778,256,48500
0.2325170636177063,257,48600
0.19917434453964233,257,48700
0.21302971243858337,258,48800
0.18512490391731262,258,48900
0.18878406286239624,259,49000
0.21893379092216492,259,49100
0.19130811095237732,260,49200
0.19599774479866028,260,49300
0.19431602954864502,261,49400
0.1977955400943756,261,49500
0.21762225031852722,262,49600
0.24111273884773254,262,49700
0.2170993685722351,263,49800
0.20021593570709229,264,49900
0.19562022387981415,264,50000
,,50000
0.17291578650474548,265,50100
0.2180079221725464,265,50200
0.154410257935524,266,50300
0.22539472579956055,266,50400
0.18950381875038147,267,50500
0.21236065030097961,267,50600
0.18992312252521515,268,50700
0.21105162799358368,268,50800
0.2032429575920105,269,50900
0.19269798696041107,269,51000
0.1459873765707016,270,51100
0.19085079431533813,270,51200
0.21901202201843262,271,51300
0.19994425773620605,271,51400
0.17290261387825012,272,51500
0.1637125015258789,273,51600
0.19138556718826294,273,51700
0.21739305555820465,274,51800
0.23457589745521545,274,51900
0.20530739426612854,275,52000
0.19415614008903503,275,52100
0.17877385020256042,276,52200
0.20241478085517883,276,52300
0.2244781255722046,277,52400
0.24077200889587402,277,52500
0.2077881395816803,278,52600
0.18709731101989746,278,52700
0.1751708686351776,279,52800
0.23113612830638885,279,52900
0.19451215863227844,280,53000
0.19471710920333862,280,53100
0.20710185170173645,281,53200
0.2125604897737503,282,53300
0.1950821578502655,282,53400
0.16768376529216766,283,53500
0.19342699646949768,283,53600
0.200120210647583,284,53700
0.1923542469739914,284,53800
0.2289440929889679,285,53900
0.2402089536190033,285,54000
0.23528200387954712,286,54100
0.21144820749759674,286,54200
0.19871661067008972,287,54300
0.18519878387451172,287,54400
0.1955907940864563,288,54500
0.18114551901817322,288,54600
0.20030313730239868,289,54700
0.19768059253692627,289,54800
0.19563908874988556,290,54900
0.182176411151886,291,55000
0.19676637649536133,291,55100
0.2251051664352417,292,55200
0.1898135095834732,292,55300
0.1891879439353943,293,55400
0.17963062226772308,293,55500
0.19858118891716003,294,55600
0.20226161181926727,294,55700
0.18930649757385254,295,55800
0.23231826722621918,295,55900
0.21817860007286072,296,56000
0.19228491187095642,296,56100
0.18908244371414185,297,56200
0.2099534273147583,297,56300
0.1740577071905136,298,56400
0.2254703938961029,298,56500
0.1795538365840912,299,56600
0.24244406819343567,299,56700
0.15301771461963654,300,56800
0.1842970848083496,301,56900
0.1993527114391327,301,57000
0.21180570125579834,302,57100
0.17072907090187073,302,57200
0.19067789614200592,303,57300
0.18021979928016663,303,57400
0.17156845331192017,304,57500
0.16904382407665253,304,57600
0.20289726555347443,305,57700
0.20531800389289856,305,57800
0.18527790904045105,306,57900
0.22991842031478882,306,58000
0.18148991465568542,307,58100
0.20898932218551636,307,58200
0.20623600482940674,308,58300
0.19282075762748718,308,58400
0.24181149899959564,309,58500
0.21552680432796478,310,58600
0.21068917214870453,310,58700
0.201459139585495,311,58800
0.1916416585445404,311,58900
0.18613168597221375,312,59000
0.21823395788669586,312,59100
0.21339841187000275,313,59200
0.20112638175487518,313,59300
0.19785062968730927,314,59400
0.24054357409477234,314,59500
0.14592352509498596,315,59600
0.206343412399292,315,59700
0.18102934956550598,316,59800
0.21789486706256866,316,59900
0.20004352927207947,317,60000
,,60000
0.1681278496980667,317,60100
0.1980767548084259,318,60200
0.15794533491134644,319,60300
0.19185702502727509,319,60400
0.21784116327762604,320,60500
0.18575194478034973,320,60600
0.20887020230293274,321,60700
0.15536662936210632,321,60800
0.1979249268770218,322,60900
0.18228718638420105,322,61000
0.2215946912765503,323,61100
0.1741667091846466,323,61200
0.20755890011787415,324,61300
0.2073085904121399,324,61400
0.20551586151123047,325,61500
0.2410927414894104,325,61600
0.17821970582008362,326,61700
0.21244466304779053,326,61800
0.18387575447559357,327,61900
0.197702556848526,328,62000
0.2141023874282837,328,62100
0.20340734720230103,329,62200
0.20300808548927307,329,62300
0.2200014293193817,330,62400
0.2009076625108719,330,62500
0.22826334834098816,331,62600
0.21456071734428406,331,62700
0.20843443274497986,332,62800
0.1870628148317337,332,62900
0.21109074354171753,333,63000
0.17158353328704834,333,63100
0.20792195200920105,334,63200
0.1962399184703827,334,63300
0.19409114122390747,335,63400
0.1797528862953186,335,63500
0.1620081067085266,336,63600
0.1669946312904358,337,63700
0.1932758092880249,337,63800
0.20880979299545288,338,63900
0.16092343628406525,338,64000
0.19562840461730957,339,64100
0.17006994783878326,339,64200
0.14565178751945496,340,64300
0.17390473186969757,340,64400
0.16832752525806427,341,64500
0.19494009017944336,341,64600
0.16344404220581055,342,64700
0.17003458738327026,342,64800
0.18920135498046875,343,64900
0.19138085842132568,343,65000
0.1811399608850479,344,65100
0.15298306941986084,344,65200
0.2041272521018982,345,65300
0.17057368159294128,346,65400
0.17099273204803467,346,65500
0.1591200828552246,347,65600
0.16823086142539978,347,65700
0.2122926414012909,348,65800
0.19075503945350647,348,65900
0.19075053930282593,349,66000
0.17641811072826385,349,66100
0.17726856470108032,350,66200
0.16549283266067505,350,66300
0.24438729882240295,351,66400
0.21864280104637146,351,66500
0.16363437473773956,352,66600
0.21071353554725647,352,66700
0.21543234586715698,353,66800
0.19981707632541656,353,66900
0.22008568048477173,354,67000
0.186605304479599,355,67100
0.2306215465068817,355,67200
0.2157459408044815,356,67300
0.15571105480194092,356,67400
0.1747598499059677,357,67500
0.17625345289707184,357,67600
0.2093542218208313,358,67700
0.18578755855560303,358,67800
0.2118299901485443,359,67900
0.16657111048698425,359,68000
0.20170459151268005,360,68100
0.18259075284004211,360,68200
0.1994752436876297,361,68300
0.16238218545913696,361,68400
0.20917528867721558,362,68500
0.14680784940719604,362,68600
0.20356979966163635,363,68700
0.23263275623321533,364,68800
0.2091129571199417,364,68900
0.17536574602127075,365,69000
0.19694994390010834,365,69100
0.16268976032733917,366,69200
0.21679742634296417,366,69300
0.2142047882080078,367,69400
0.1768261194229126,367,69500
0.19544735550880432,368,69600
0.15350304543972015,368,69700
0.19612732529640198,369,69800
0.23497305810451508,369,69900
0.17346657812595367,370,70000
,,70000
0.17000049352645874,370,70100
0.21085241436958313,371,70200
0.1638597697019577,371,70300
0.20195487141609192,372,70400
0.21791431307792664,373,70500
0.1715002804994583,373,70600
0.14688433706760406,374,70700
0.16332080960273743,374,70800
0.18284468352794647,375,70900
0.22248803079128265,375,71000
0.17707128822803497,376,71100
0.19046159088611603,376,71200
0.1697835475206375,377,71300
0.1510874181985855,377,71400
0.2034461498260498,378,71500
0.19587856531143188,378,71600
0.17116165161132812,379,71700
0.18155553936958313,379,71800
0.1990165114402771,380,71900
0.16816550493240356,380,72000
0.19382210075855255,381,72100
0.16170832514762878,382,72200
0.21262115240097046,382,72300
0.2223343402147293,383,72400
0.21902552247047424,383,72500
0.1865563690662384,384,72600
0.18608269095420837,384,72700
0.17844918370246887,385,72800
0.1619572937488556,385,72900
0.2470007985830307,386,73000
0.2155015766620636,386,73100
0.2227446436882019,387,73200
0.18414485454559326,387,73300
0.25277894735336304,388,73400
0.2044549286365509,388,73500
0.1890871524810791,389,73600
0.15285426378250122,389,73700
0.1732134073972702,390,73800
0.19450491666793823,391,73900
0.1749195158481598,391,74000
0.20361599326133728,392,74100
0.17951025068759918,392,74200
0.19142654538154602,393,74300
0.14173097908496857,393,74400
0.16350087523460388,394,74500
0.2013586461544037,394,74600
0.1995084136724472,395,74700
0.16382452845573425,395,74800
0.19752287864685059,396,74900
0.18115557730197906,396,75000
0.1945647895336151,397,75100
0.15994948148727417,397,75200
0.16711267828941345,398,75300
0.17526307702064514,398,75400
0.17431017756462097,399,75500
0.18324285745620728,399,75600
,,75600
