Eval_AverageReturn,Eval_StdReturn,Eval_MaxReturn,Eval_MinReturn,Eval_AverageEpLen,Train_AverageReturn,Train_StdReturn,Train_MaxReturn,Train_MinReturn,Train_AverageEpLen,Actor Loss,Baseline Loss,Train_EnvstepsSoFar,TimeSinceStart,Initial_DataCollection_AverageReturn,step
-759.9422,60.776943,-709.573,-845.4424,1000.0,-676.91504,55.485966,-608.1824,-731.86584,1000.0,-0.0994732603430748,196.3799285888672,5000,0.6024320125579834,-676.91504,0
-782.7132,18.877338,-759.1919,-805.40967,1000.0,-764.08484,63.545483,-688.96014,-850.67395,1000.0,-0.09027092158794403,216.9450225830078,10000,15.437056064605713,,1
-720.2654,34.016228,-678.1761,-761.48486,1000.0,-747.8579,21.0082,-714.44385,-775.18445,1000.0,-0.13303805887699127,117.80644989013672,15000,16.03620481491089,,2
-744.3221,24.884733,-715.97095,-776.5541,1000.0,-743.83093,80.64752,-632.6916,-842.58014,1000.0,-0.0826212465763092,95.27963256835938,20000,16.608704805374146,,3
-728.5013,36.486683,-678.0854,-763.22723,1000.0,-691.756,88.79159,-566.1577,-813.1454,1000.0,-0.17248490452766418,46.35269546508789,25000,17.15999698638916,,4
-678.71515,50.810303,-640.99255,-750.5414,1000.0,-719.7345,26.978477,-670.3568,-740.8155,1000.0,-0.12542937695980072,27.990737915039062,30000,17.717391967773438,,5
-623.9593,16.283731,-606.8274,-645.8524,1000.0,-682.04675,53.898254,-607.03625,-770.10205,1000.0,-0.05173681676387787,26.479000091552734,35000,18.268105030059814,,6
-669.7511,60.732548,-594.2577,-742.96924,1000.0,-631.0495,39.791103,-585.77167,-701.33636,1000.0,-0.12807434797286987,20.31867218017578,40000,18.823827028274536,,7
-704.8276,47.71927,-646.80286,-763.6819,1000.0,-600.0672,52.772583,-546.57135,-686.505,1000.0,-0.1012483611702919,102.82384490966797,45000,19.372732877731323,,8
-651.13873,34.95225,-620.7455,-700.0945,1000.0,-625.23987,29.077778,-584.69574,-661.7037,1000.0,-0.07520683854818344,21.28489112854004,50000,19.926617860794067,,9
-599.5089,38.045235,-545.728,-627.7676,1000.0,-614.4867,43.57233,-558.66235,-668.33374,1000.0,-0.047277916222810745,77.93614196777344,55000,20.489770889282227,,10
-631.0998,61.354862,-568.82587,-714.5636,1000.0,-619.634,65.70251,-568.235,-743.421,1000.0,-0.10974109917879105,29.624902725219727,60000,33.63440489768982,,11
-566.9985,28.616175,-546.1249,-607.46106,1000.0,-552.69934,70.567566,-490.59027,-675.23706,1000.0,-0.11939430981874466,18.940061569213867,65000,34.18352389335632,,12
-664.78705,57.164757,-587.83264,-724.71716,1000.0,-559.1079,52.702297,-490.28723,-620.6815,1000.0,-0.09289732575416565,29.179834365844727,70000,34.740577697753906,,13
-522.85645,64.30986,-432.58038,-577.5503,1000.0,-548.00226,33.621536,-503.57953,-595.3053,1000.0,-0.08929334580898285,20.674915313720703,75000,35.3153338432312,,14
-617.079,59.52339,-568.97095,-700.95575,1000.0,-607.957,75.33435,-518.9083,-717.9788,1000.0,-0.07258518040180206,36.60785675048828,80000,35.8905668258667,,15
-499.83743,60.344345,-436.03928,-580.82324,1000.0,-595.42474,78.498665,-526.0409,-749.0354,1000.0,-0.11009372770786285,28.01866912841797,85000,36.46921992301941,,16
-532.1258,47.354683,-481.65497,-595.48236,1000.0,-591.6677,131.76027,-443.54816,-823.3731,1000.0,-0.10078468918800354,47.161067962646484,90000,37.04715180397034,,17
-502.05002,44.11839,-449.97388,-557.8489,1000.0,-640.54504,102.70824,-468.90375,-739.647,1000.0,-0.034364003688097,54.45460510253906,95000,37.67650270462036,,18
-478.38004,28.809895,-442.3521,-512.87146,1000.0,-530.71844,20.321877,-514.2977,-565.8287,1000.0,-0.02895055152475834,35.62358093261719,100000,38.26012086868286,,19
-429.72568,70.35946,-362.0243,-526.72754,1000.0,-535.45154,65.496,-472.99448,-633.5876,1000.0,-0.04478388652205467,28.909656524658203,105000,38.82803678512573,,20
-473.7496,113.32917,-345.4223,-621.0657,1000.0,-435.84247,39.024483,-384.40796,-502.28607,1000.0,-0.10358703881502151,31.884450912475586,110000,51.48498892784119,,21
-483.81247,45.158146,-434.08038,-543.37616,1000.0,-445.37897,81.00629,-321.25775,-558.59656,1000.0,-0.09934477508068085,38.04124450683594,115000,52.047446727752686,,22
-447.38086,41.59903,-400.45853,-501.57376,1000.0,-452.44598,32.263565,-396.92334,-497.06018,1000.0,-0.08860655128955841,18.520748138427734,120000,52.6069917678833,,23
-470.1256,35.67294,-429.4506,-516.3087,1000.0,-427.70074,70.35054,-340.24725,-552.4452,1000.0,-0.13193033635616302,22.7042179107666,125000,53.16051888465881,,24
-419.712,23.50013,-389.16827,-446.32825,1000.0,-414.95694,33.94763,-368.17426,-458.73145,1000.0,-0.056291088461875916,23.73593521118164,130000,53.71295785903931,,25
-425.49594,30.527584,-390.91592,-465.17047,1000.0,-438.3834,62.46608,-333.99686,-517.82983,1000.0,-0.07544213533401489,16.26336097717285,135000,54.27434301376343,,26
-381.0504,18.820333,-366.38135,-407.6183,1000.0,-403.89966,20.22454,-375.66968,-424.1573,1000.0,-0.13534820079803467,12.849251747131348,140000,54.838316679000854,,27
-435.17725,8.626096,-423.1006,-442.7088,1000.0,-382.14902,53.84082,-319.60336,-479.35773,1000.0,-0.0561826154589653,20.936450958251953,145000,55.406144857406616,,28
-367.83313,22.341188,-338.92947,-393.33606,1000.0,-377.68182,45.69427,-297.75302,-436.70312,1000.0,-0.06713493168354034,23.375896453857422,150000,55.964903831481934,,29
-513.52637,32.919514,-472.73242,-553.35095,1000.0,-400.78253,54.097908,-302.08582,-461.54633,1000.0,-0.13737204670906067,13.744380950927734,155000,56.5205979347229,,30
-454.08902,113.84025,-326.12494,-602.6778,1000.0,-430.7365,58.07514,-339.50604,-495.53342,1000.0,-0.04951576516032219,39.91783905029297,160000,68.85620784759521,,31
-462.38525,52.973343,-388.3676,-509.40936,1000.0,-400.96375,89.78682,-233.99976,-476.66156,1000.0,-0.05829983949661255,43.306678771972656,165000,69.41335773468018,,32
-476.9606,46.21391,-441.48932,-542.235,1000.0,-413.5312,33.461178,-348.43616,-438.8709,1000.0,-0.05611182376742363,28.577356338500977,170000,69.98127889633179,,33
-430.0441,60.071358,-348.21674,-490.73315,1000.0,-417.5018,57.65609,-307.48907,-470.1245,1000.0,-0.10676287859678268,25.0391845703125,175000,70.5391149520874,,34
-419.14795,50.688183,-350.81256,-472.0678,1000.0,-485.95264,68.27085,-359.91782,-548.8708,1000.0,-0.03693123161792755,35.31209182739258,180000,71.10084891319275,,35
-427.23422,26.168535,-390.23523,-446.43787,1000.0,-483.5678,86.887886,-382.2129,-630.474,1000.0,-0.1110406219959259,36.37518310546875,185000,71.66113901138306,,36
-360.078,23.114239,-331.06152,-387.62216,1000.0,-438.92383,30.51035,-406.4628,-486.41522,1000.0,-0.07295212149620056,23.132184982299805,190000,72.22363185882568,,37
-448.20447,18.247686,-422.4665,-462.6966,1000.0,-400.9642,21.665997,-372.08865,-433.82526,1000.0,-0.06461526453495026,27.946165084838867,195000,72.78675675392151,,38
-397.5071,32.361458,-373.45667,-443.25293,1000.0,-401.92947,80.01906,-279.3135,-510.224,1000.0,-0.08775755763053894,23.754993438720703,200000,73.3475239276886,,39
-343.28174,99.84308,-214.50526,-457.82397,1000.0,-369.16095,29.776386,-310.09247,-389.63898,1000.0,-0.09550607949495316,23.142803192138672,205000,73.90759682655334,,40
-337.60266,23.160263,-307.59134,-363.96997,1000.0,-387.3195,38.839016,-323.4264,-436.3337,1000.0,-0.07176566123962402,25.695924758911133,210000,86.65912199020386,,41
-283.6343,48.128975,-220.04889,-336.45718,1000.0,-399.2935,53.594513,-351.10852,-494.44168,1000.0,-0.07755547761917114,23.240955352783203,215000,87.22436380386353,,42
-266.7897,9.19484,-257.99173,-279.48114,1000.0,-324.08243,76.950005,-238.69092,-466.63623,1000.0,-0.11162314563989639,21.13786506652832,220000,87.79578590393066,,43
-225.53072,22.316696,-194.87029,-247.3421,1000.0,-274.9414,38.098164,-215.49661,-331.7173,1000.0,-0.09169764071702957,20.111114501953125,225000,88.35468983650208,,44
-205.51337,28.750124,-168.4132,-238.4696,1000.0,-210.74332,16.376043,-189.41592,-229.73882,1000.0,-0.0924503356218338,15.836674690246582,230000,88.92150497436523,,45
-160.10254,38.346233,-114.006805,-207.8898,1000.0,-191.63896,35.327953,-153.60245,-248.12646,1000.0,-0.13048356771469116,15.998793601989746,235000,89.48644781112671,,46
-180.26898,39.26461,-128.05278,-222.73758,1000.0,-135.30302,37.871887,-75.275116,-188.68863,1000.0,-0.08655063807964325,19.421417236328125,240000,90.04982995986938,,47
-213.30864,82.06525,-128.63416,-324.38257,1000.0,-124.4933,34.717655,-80.21156,-176.30951,1000.0,-0.10956743359565735,15.286431312561035,245000,90.60695195198059,,48
-61.619274,11.5378275,-48.214005,-76.37835,1000.0,-228.08379,67.46601,-121.339676,-311.59174,1000.0,-0.0479615293443203,32.56217956542969,250000,91.16289782524109,,49
-121.48487,37.223564,-78.0563,-168.96463,1000.0,-104.890465,50.28531,-42.394394,-177.85779,1000.0,-0.13017109036445618,14.687027931213379,255000,91.72672271728516,,50
-95.670204,24.267122,-67.991005,-127.080696,1000.0,-114.42472,16.381227,-91.22212,-136.21329,1000.0,-0.12572917342185974,12.129753112792969,260000,103.79441690444946,,51
-19.4199,89.15872,68.459076,-141.66571,1000.0,-106.32603,22.299215,-80.41453,-147.77167,1000.0,-0.10755499452352524,12.91824722290039,265000,104.35772490501404,,52
-62.962337,54.17867,9.874523,-119.97411,1000.0,-72.28642,44.338463,-19.358707,-122.774025,1000.0,-0.11243194341659546,13.575653076171875,270000,104.9323239326477,,53
-42.582417,34.97045,-9.89995,-91.0685,1000.0,-92.633644,33.347324,-55.91886,-150.90775,1000.0,-0.11961416155099869,16.59149932861328,275000,105.48641896247864,,54
-45.52303,15.404592,-27.26904,-64.94789,1000.0,-55.5818,37.883823,-23.991451,-122.235245,1000.0,-0.0627497062087059,21.3475341796875,280000,106.05181980133057,,55
33.814526,46.23435,83.98036,-27.585943,1000.0,-56.4271,53.270668,11.678692,-144.03555,1000.0,-0.14146362245082855,22.480594635009766,285000,106.61085486412048,,56
-7.6086574,37.65058,26.179209,-60.14154,1000.0,1.809898,34.39987,38.13029,-56.511665,1000.0,-0.10637307167053223,18.97583770751953,290000,107.17231178283691,,57
62.489033,66.8781,155.7837,2.384426,1000.0,23.556057,21.489103,57.872124,-7.428028,1000.0,-0.13365069031715393,12.24793815612793,295000,107.73522901535034,,58
114.2792,15.283544,132.92578,95.489716,1000.0,59.38363,25.855108,83.307686,25.561554,1000.0,-0.1824565976858139,14.469021797180176,300000,108.295578956604,,59
82.92388,36.508408,123.52414,35.001114,1000.0,118.245056,35.330162,173.17079,74.99632,1000.0,-0.11121651530265808,14.373991966247559,305000,108.8572449684143,,60
69.63813,38.287933,108.77851,17.664673,1000.0,84.46853,61.79127,178.24277,15.524089,1000.0,-0.13371530175209045,24.009716033935547,310000,121.77241492271423,,61
36.733997,69.021225,107.714554,-56.783978,1000.0,103.27535,35.95609,155.22641,57.923153,1000.0,-0.14304301142692566,16.53200340270996,315000,122.33679008483887,,62
48.1454,42.80489,108.59363,15.111129,1000.0,67.11268,41.389797,111.31987,-6.178712,1000.0,-0.041535329073667526,18.55951690673828,320000,122.89798474311829,,63
59.200333,27.28828,89.46979,23.334095,1000.0,41.968758,64.05866,136.9816,-46.664738,1000.0,-0.07355690747499466,19.075899124145508,325000,123.46314597129822,,64
180.83434,33.90312,228.35815,151.57271,1000.0,88.17067,47.707195,141.29102,-0.63680744,1000.0,-0.10816892981529236,16.538761138916016,330000,124.03567886352539,,65
58.378933,33.895473,106.28171,32.89522,1000.0,120.489914,68.37366,200.11847,29.59211,1000.0,-0.10027548670768738,20.134546279907227,335000,124.59826588630676,,66
108.45113,9.977647,120.26854,95.864716,1000.0,113.181885,30.49124,145.724,61.72296,1000.0,-0.04931169003248215,18.030105590820312,340000,125.15800976753235,,67
-7.5700383,32.032536,37.353325,-35.085773,1000.0,55.8437,45.315754,97.708084,-31.8392,1000.0,-0.14244994521141052,13.604935646057129,345000,125.71809005737305,,68
159.08728,14.925995,177.65524,141.10841,1000.0,47.172287,98.17378,166.04877,-99.541626,1000.0,-0.10887087136507034,19.904054641723633,350000,126.27546977996826,,69
234.20903,29.7029,275.08154,205.37805,1000.0,132.04932,55.565434,189.85324,32.809258,1000.0,-0.08641187846660614,22.206645965576172,355000,126.83454275131226,,70
224.28645,39.641743,252.95866,168.22949,1000.0,157.09335,105.46538,233.90494,-50.672623,1000.0,-0.0771561861038208,31.31943130493164,360000,139.22297501564026,,71
154.30403,80.23497,232.29022,43.93102,1000.0,261.43973,33.30248,322.2611,233.83932,1000.0,-0.05374623462557793,18.67822265625,365000,139.78490591049194,,72
215.71136,45.861027,275.14233,163.50543,1000.0,182.10324,66.6111,283.78955,101.76269,1000.0,-0.07097524404525757,22.978727340698242,370000,140.3521716594696,,73
230.8581,28.794016,258.58875,191.16833,1000.0,247.44258,43.284134,318.93835,183.99496,1000.0,-0.0526776984333992,16.4371337890625,375000,140.9149408340454,,74
203.43681,74.241264,294.1276,112.2762,1000.0,191.09079,28.546799,222.92842,140.83344,1000.0,-0.0657399520277977,16.940750122070312,380000,141.48012971878052,,75
228.71916,43.31711,260.88467,167.48563,1000.0,233.27591,43.57094,291.23914,164.95834,1000.0,-0.0804770216345787,15.508965492248535,385000,142.04328393936157,,76
220.88277,38.74779,275.10364,186.90506,1000.0,271.82153,80.21971,361.41794,126.21416,1000.0,-0.08037781715393066,18.577896118164062,390000,142.59651374816895,,77
228.40523,35.994884,278.36905,194.98767,1000.0,245.675,48.227962,302.89764,195.30856,1000.0,-0.05716768279671669,17.708354949951172,395000,143.14534306526184,,78
268.08694,14.8156185,287.8927,252.26352,1000.0,241.44072,38.641132,274.83252,168.72768,1000.0,-0.05714420601725578,20.466337203979492,400000,143.69346475601196,,79
252.76292,61.637856,339.85504,206.04521,1000.0,278.83514,70.179245,381.6666,182.39804,1000.0,-0.06021372601389885,14.635663986206055,405000,144.25371885299683,,80
350.74414,12.592246,366.17075,335.32617,1000.0,291.6054,30.994701,327.78564,235.555,1000.0,-0.09999332576990128,13.941934585571289,410000,156.61071681976318,,81
337.39017,45.351364,383.43732,275.70312,1000.0,279.04764,36.5288,301.63,206.25105,1000.0,-0.091183140873909,14.581262588500977,415000,157.17652368545532,,82
349.81882,55.923424,414.12482,277.7948,1000.0,308.75293,52.570866,385.2137,222.08441,1000.0,-0.10226849466562271,14.611884117126465,420000,157.7507300376892,,83
333.5123,6.2734513,341.43732,326.09583,1000.0,360.3448,42.761536,407.40833,279.80707,1000.0,-0.10256636887788773,14.637325286865234,425000,158.3020260334015,,84
367.8655,30.56668,406.0857,331.26553,1000.0,387.06403,42.70494,448.51248,339.4112,1000.0,-0.07392898201942444,12.39480209350586,430000,158.8596818447113,,85
370.56955,61.970108,444.3499,292.7186,1000.0,396.18604,50.252407,465.2613,340.21243,1000.0,-0.11324319988489151,16.644350051879883,435000,159.41885495185852,,86
415.11972,14.337224,426.34863,394.88446,1000.0,379.87094,29.703117,437.54584,356.13562,1000.0,-0.015597610734403133,13.145645141601562,440000,159.97137904167175,,87
445.69138,44.292347,501.1308,392.7215,1000.0,385.61542,57.151546,454.86578,302.5037,1000.0,-0.10063041746616364,18.43306541442871,445000,160.5252959728241,,88
455.48547,27.63518,484.77814,418.43356,1000.0,444.9501,56.509895,484.94244,333.6015,1000.0,-0.0465826615691185,17.423377990722656,450000,161.0864667892456,,89
448.29947,32.833416,476.93192,402.3259,1000.0,398.34152,66.52271,483.4111,282.36212,1000.0,-0.042294520884752274,18.64228057861328,455000,161.64160084724426,,90
490.72983,60.897793,564.1498,415.0334,1000.0,464.56256,66.5724,542.2843,344.2753,1000.0,-0.106448233127594,18.194726943969727,460000,169.89377164840698,,91
439.0247,47.877876,506.7287,404.4225,1000.0,451.21866,58.40866,538.1253,404.1951,1000.0,-0.10838901251554489,17.3282527923584,465000,170.433522939682,,92
455.71118,38.887363,504.9727,409.9069,1000.0,429.61523,63.88723,512.463,330.0732,1000.0,-0.05033499002456665,38.76738739013672,470000,170.98305988311768,,93
364.1732,56.08757,437.43243,301.2085,1000.0,392.2713,93.2725,487.76447,261.92993,1000.0,-0.08386008441448212,23.681516647338867,475000,171.53363680839539,,94
365.09073,35.79898,402.77783,316.9707,1000.0,328.94864,67.62716,420.7193,221.53345,1000.0,-0.04125184938311577,18.763986587524414,480000,172.06824779510498,,95
314.25552,55.33403,390.32794,260.32837,1000.0,315.45978,37.19084,367.11636,263.25256,1000.0,-0.10797572135925293,14.547531127929688,485000,172.59606409072876,,96
315.11942,26.630308,337.30936,277.67175,1000.0,307.2697,77.54969,385.69965,199.80188,1000.0,-0.042560771107673645,24.68267822265625,490000,173.12770104408264,,97
386.0182,17.063753,409.0795,368.3321,1000.0,370.08582,36.24921,424.41214,317.1696,1000.0,-0.048536092042922974,15.450270652770996,495000,173.66709303855896,,98
425.26474,61.996563,512.8628,378.2565,1000.0,366.92535,35.511295,409.95844,310.98895,1000.0,-0.052717164158821106,19.358482360839844,500000,174.19017386436462,,99
