bin_start,bin_end,episode_count,mean_train_return
0,10000,20,276.0
10000,20000,20,251.5
20000,30000,21,246.66666666666666
30000,40000,20,244.5
40000,50000,22,231.36363636363637
50000,60000,19,334.7368421052632
60000,70000,21,257.14285714285717
70000,80000,21,258.0952380952381
80000,90000,21,266.6666666666667
90000,100000,19,296.8421052631579
100000,110000,19,342.63157894736844
110000,120000,21,303.8095238095238
120000,130000,17,414.11764705882354
130000,140000,18,379.44444444444446
140000,150000,18,338.3333333333333
150000,160000,19,506.8421052631579
160000,170000,20,365.5
170000,180000,19,435.2631578947368
180000,190000,17,411.1764705882353
190000,200000,19,418.94736842105266
200000,210000,18,516.1111111111111
210000,220000,16,574.375
220000,230000,17,541.1764705882352
230000,240000,17,568.8235294117648
240000,250000,16,601.875
250000,260000,18,493.3333333333333
260000,270000,17,574.1176470588235
270000,280000,16,674.375
280000,290000,18,550.0
290000,300000,15,652.0
300000,310000,17,574.1176470588235
310000,320000,15,714.0
320000,330000,15,886.6666666666666
330000,340000,14,858.5714285714286
340000,350000,15,827.3333333333334
350000,360000,13,950.0
360000,370000,15,842.0
370000,380000,14,997.1428571428571
380000,390000,15,835.3333333333334
390000,400000,14,1055.0
400000,410000,14,1010.7142857142857
410000,420000,13,1124.6153846153845
420000,430000,16,830.0
430000,440000,15,930.0
440000,450000,15,1110.0
450000,460000,13,1116.923076923077
460000,470000,12,1372.5
470000,480000,15,962.0
480000,490000,15,1021.3333333333334
490000,500000,15,930.6666666666666
500000,510000,14,1118.5714285714287
510000,520000,14,997.1428571428571
520000,530000,13,1100.7692307692307
530000,540000,14,953.5714285714286
540000,550000,14,1175.7142857142858
550000,560000,12,1116.6666666666667
560000,570000,14,1187.142857142857
570000,580000,13,1096.923076923077
580000,590000,13,1216.1538461538462
590000,600000,13,1050.0
600000,610000,12,1271.6666666666667
610000,620000,15,1015.3333333333334
620000,630000,13,1143.8461538461538
630000,640000,15,1226.6666666666667
640000,650000,12,1147.5
650000,660000,14,1275.7142857142858
660000,670000,14,1242.142857142857
670000,680000,13,1277.6923076923076
680000,690000,13,1200.7692307692307
690000,700000,12,1420.0
700000,710000,12,1715.8333333333333
710000,720000,12,1448.3333333333333
720000,730000,12,1355.0
730000,740000,14,1226.4285714285713
740000,750000,12,1605.0
750000,760000,13,1323.076923076923
760000,770000,13,1329.2307692307693
770000,780000,12,1455.0
780000,790000,13,1661.5384615384614
790000,800000,12,1435.8333333333333
800000,810000,13,1530.0
810000,820000,13,1443.076923076923
820000,830000,12,1425.8333333333333
830000,840000,12,1530.0
840000,850000,12,1810.0
850000,860000,11,1518.1818181818182
860000,870000,13,1590.0
870000,880000,12,1680.0
880000,890000,12,1384.1666666666667
890000,900000,12,1495.0
900000,910000,13,1548.4615384615386
910000,920000,12,1725.8333333333333
920000,930000,12,1318.3333333333333
930000,940000,12,1430.0
940000,950000,13,1753.8461538461538
950000,960000,12,1756.6666666666667
960000,970000,12,1554.1666666666667
970000,980000,11,1571.8181818181818
980000,990000,12,1571.6666666666667
990000,1000000,13,1805.3846153846155
