Eval_AverageReturn,Eval_StdReturn,Eval_MaxReturn,Eval_MinReturn,Eval_AverageEpLen,Train_AverageReturn,Train_StdReturn,Train_MaxReturn,Train_MinReturn,Train_AverageEpLen,Actor Loss,Train_EnvstepsSoFar,TimeSinceStart,Initial_DataCollection_AverageReturn,step
25.6875,12.765768,54.0,13.0,25.6875,25.641026,13.317594,65.0,10.0,25.641025641025642,-0.0036195493303239346,1000,0.13359522819519043,25.641026,0
50.0,31.717503,117.0,17.0,50.0,37.51852,24.105278,107.0,12.0,37.51851851851852,-0.01864488609135151,2013,0.5557072162628174,,1
57.857143,38.635395,134.0,13.0,57.857142857142854,50.333332,27.874435,111.0,13.0,50.333333333333336,-0.009958842769265175,3070,0.7046153545379639,,2
75.5,31.473534,142.0,46.0,75.5,44.5,28.038664,149.0,12.0,44.5,-0.008850197307765484,4138,0.8623440265655518,,3
68.833336,24.640188,100.0,38.0,68.83333333333333,70.86667,28.693476,130.0,24.0,70.86666666666666,-0.007164066191762686,5201,0.9814472198486328,,4
99.4,23.542303,135.0,62.0,99.4,60.764706,20.27322,100.0,27.0,60.76470588235294,-0.008152066729962826,6234,1.1568372249603271,,5
93.6,18.249382,114.0,70.0,93.6,82.30769,24.37333,131.0,51.0,82.3076923076923,-0.010433641262352467,7304,1.2805602550506592,,6
83.666664,23.732302,119.0,57.0,83.66666666666667,96.545456,37.51936,187.0,56.0,96.54545454545455,0.01126188412308693,8366,1.5095500946044922,,7
162.33333,33.559235,189.0,115.0,162.33333333333334,91.833336,44.309204,200.0,52.0,91.83333333333333,0.01824508048593998,9468,1.6391351222991943,,8
149.0,37.973675,183.0,96.0,149.0,95.90909,38.046513,183.0,52.0,95.9090909090909,0.003690923098474741,10523,1.7503461837768555,,9
142.75,44.12695,185.0,71.0,142.75,139.0,34.557922,183.0,62.0,139.0,0.003164579626172781,11635,1.890566110610962,,10
142.33333,30.269163,184.0,113.0,142.33333333333334,117.55556,46.95414,184.0,52.0,117.55555555555556,-0.01638525351881981,12693,2.1253421306610107,,11
144.0,44.929573,200.0,90.0,144.0,126.333336,46.925472,200.0,57.0,126.33333333333333,0.0011662992183119059,13830,2.2967190742492676,,12
179.33333,24.44495,200.0,145.0,179.33333333333334,148.71428,49.52262,200.0,71.0,148.71428571428572,-0.025036398321390152,14871,2.432828903198242,,13
135.5,30.17035,170.0,91.0,135.5,171.0,27.134584,200.0,132.0,171.0,-0.0119618009775877,16068,2.631714105606079,,14
143.33333,4.027682,149.0,140.0,143.33333333333334,167.0,32.202484,200.0,124.0,167.0,0.005179164931178093,17070,2.780773162841797,,15
143.66667,39.93606,200.0,112.0,143.66666666666666,145.28572,25.571827,177.0,109.0,145.28571428571428,-0.0002346043474972248,18087,2.9064881801605225,,16
100.5,37.03039,130.0,37.0,100.5,137.5,29.304436,200.0,109.0,137.5,-0.016106342896819115,19187,3.0405020713806152,,17
134.0,46.84727,200.0,96.0,134.0,133.625,25.738771,200.0,116.0,133.625,-0.021884478628635406,20256,3.187356948852539,,18
115.75,57.168064,200.0,42.0,115.75,130.75,44.166588,200.0,60.0,130.75,-0.021850621327757835,21302,3.322050094604492,,19
135.0,39.302246,187.0,92.0,135.0,143.42857,37.005238,200.0,101.0,143.42857142857142,-0.013320822268724442,22306,3.4205551147460938,,20
141.33333,26.948511,178.0,114.0,141.33333333333334,145.71428,43.738556,200.0,101.0,145.71428571428572,-0.006768511608242989,23326,3.5356600284576416,,21
195.66667,6.1282587,200.0,187.0,195.66666666666666,178.33333,29.719053,200.0,128.0,178.33333333333334,-0.009192484430968761,24396,3.6628291606903076,,22
193.33333,9.428091,200.0,180.0,193.33333333333334,184.16667,35.40441,200.0,105.0,184.16666666666666,-0.009900609962642193,25501,3.7967231273651123,,23
200.0,0.0,200.0,200.0,200.0,168.66667,44.345863,200.0,103.0,168.66666666666666,0.006758749019354582,26513,3.918469190597534,,24
200.0,0.0,200.0,200.0,200.0,194.16667,13.04373,200.0,165.0,194.16666666666666,0.004984167404472828,27678,4.068519353866577,,25
200.0,0.0,200.0,200.0,200.0,200.0,0.0,200.0,200.0,200.0,0.0038623891305178404,28678,4.172343015670776,,26
200.0,0.0,200.0,200.0,200.0,181.0,42.48529,200.0,86.0,181.0,-0.0037737295497208834,29764,4.320340156555176,,27
200.0,0.0,200.0,200.0,200.0,200.0,0.0,200.0,200.0,200.0,0.001781886094249785,30764,4.4669272899627686,,28
200.0,0.0,200.0,200.0,200.0,200.0,0.0,200.0,200.0,200.0,-0.00887618400156498,31764,4.717895269393921,,29
200.0,0.0,200.0,200.0,200.0,200.0,0.0,200.0,200.0,200.0,-0.0018814010545611382,32764,4.968063116073608,,30
200.0,0.0,200.0,200.0,200.0,200.0,0.0,200.0,200.0,200.0,-0.011337469331920147,33764,5.143021106719971,,31
200.0,0.0,200.0,200.0,200.0,200.0,0.0,200.0,200.0,200.0,0.004458497744053602,34764,5.286318063735962,,32
200.0,0.0,200.0,200.0,200.0,200.0,0.0,200.0,200.0,200.0,-0.0031353558879345655,35764,5.495262145996094,,33
200.0,0.0,200.0,200.0,200.0,200.0,0.0,200.0,200.0,200.0,0.0012714223703369498,36764,5.620023012161255,,34
200.0,0.0,200.0,200.0,200.0,200.0,0.0,200.0,200.0,200.0,0.0008761887438595295,37764,5.761166095733643,,35
200.0,0.0,200.0,200.0,200.0,200.0,0.0,200.0,200.0,200.0,-0.008133003488183022,38764,5.887143135070801,,36
200.0,0.0,200.0,200.0,200.0,200.0,0.0,200.0,200.0,200.0,0.00696310680359602,39764,5.985434293746948,,37
200.0,0.0,200.0,200.0,200.0,200.0,0.0,200.0,200.0,200.0,0.0003291764296591282,40764,6.126708030700684,,38
200.0,0.0,200.0,200.0,200.0,200.0,0.0,200.0,200.0,200.0,-0.010250379331409931,41764,6.230402231216431,,39
200.0,0.0,200.0,200.0,200.0,200.0,0.0,200.0,200.0,200.0,-0.005174257326871157,42764,6.371870040893555,,40
200.0,0.0,200.0,200.0,200.0,200.0,0.0,200.0,200.0,200.0,0.01320065837353468,43764,6.520426988601685,,41
200.0,0.0,200.0,200.0,200.0,200.0,0.0,200.0,200.0,200.0,-0.026710160076618195,44764,6.63479208946228,,42
200.0,0.0,200.0,200.0,200.0,200.0,0.0,200.0,200.0,200.0,0.011992212384939194,45764,6.757771015167236,,43
200.0,0.0,200.0,200.0,200.0,200.0,0.0,200.0,200.0,200.0,0.005662865471094847,46764,6.880112171173096,,44
200.0,0.0,200.0,200.0,200.0,200.0,0.0,200.0,200.0,200.0,0.009829377755522728,47764,7.00648307800293,,45
200.0,0.0,200.0,200.0,200.0,200.0,0.0,200.0,200.0,200.0,0.007010480854660273,48764,7.139876127243042,,46
200.0,0.0,200.0,200.0,200.0,200.0,0.0,200.0,200.0,200.0,0.0019495716551318765,49764,7.261859178543091,,47
200.0,0.0,200.0,200.0,200.0,200.0,0.0,200.0,200.0,200.0,0.014404433779418468,50764,7.3751890659332275,,48
200.0,0.0,200.0,200.0,200.0,200.0,0.0,200.0,200.0,200.0,0.012516827322542667,51764,7.498284101486206,,49
200.0,0.0,200.0,200.0,200.0,200.0,0.0,200.0,200.0,200.0,-0.011067687533795834,52764,7.617459058761597,,50
200.0,0.0,200.0,200.0,200.0,200.0,0.0,200.0,200.0,200.0,0.018635539337992668,53764,7.762699127197266,,51
200.0,0.0,200.0,200.0,200.0,200.0,0.0,200.0,200.0,200.0,0.001669086399488151,54764,7.891085147857666,,52
200.0,0.0,200.0,200.0,200.0,200.0,0.0,200.0,200.0,200.0,0.013610230758786201,55764,8.019053220748901,,53
200.0,0.0,200.0,200.0,200.0,186.33333,30.559595,200.0,118.0,186.33333333333334,-0.0019966382533311844,56882,8.15299105644226,,54
200.0,0.0,200.0,200.0,200.0,200.0,0.0,200.0,200.0,200.0,0.011104656383395195,57882,8.280815124511719,,55
191.33333,12.256517,200.0,174.0,191.33333333333334,200.0,0.0,200.0,200.0,200.0,0.01268437597900629,58882,8.398133993148804,,56
200.0,0.0,200.0,200.0,200.0,200.0,0.0,200.0,200.0,200.0,-0.0007317314157262444,59882,8.541221141815186,,57
200.0,0.0,200.0,200.0,200.0,180.83333,33.98243,200.0,107.0,180.83333333333334,-0.002705170540139079,60967,8.652297973632812,,58
200.0,0.0,200.0,200.0,200.0,200.0,0.0,200.0,200.0,200.0,-0.0013031320413574576,61967,8.769281148910522,,59
155.33333,36.74537,200.0,110.0,155.33333333333334,176.83333,41.281216,200.0,87.0,176.83333333333334,0.0010400236351415515,63028,8.901853084564209,,60
179.66667,28.755676,200.0,139.0,179.66666666666666,200.0,0.0,200.0,200.0,200.0,0.007432756945490837,64028,9.043182134628296,,61
200.0,0.0,200.0,200.0,200.0,200.0,0.0,200.0,200.0,200.0,0.001728178933262825,65028,9.183457136154175,,62
156.33333,61.753994,200.0,69.0,156.33333333333334,170.33333,29.870089,200.0,135.0,170.33333333333334,0.0010124561376869678,66050,9.34140419960022,,63
200.0,0.0,200.0,200.0,200.0,200.0,0.0,200.0,200.0,200.0,-0.0033115867991000414,67050,9.472231149673462,,64
200.0,0.0,200.0,200.0,200.0,172.33333,39.14361,200.0,115.0,172.33333333333334,-0.010650097392499447,68084,9.611706256866455,,65
200.0,0.0,200.0,200.0,200.0,200.0,0.0,200.0,200.0,200.0,-0.002789707388728857,69084,9.733983993530273,,66
200.0,0.0,200.0,200.0,200.0,182.83333,38.385834,200.0,97.0,182.83333333333334,-0.008002584800124168,70181,9.888440132141113,,67
200.0,0.0,200.0,200.0,200.0,198.5,3.354102,200.0,191.0,198.5,0.000840187887661159,71372,10.054567337036133,,68
200.0,0.0,200.0,200.0,200.0,200.0,0.0,200.0,200.0,200.0,1.9277573301224038e-05,72372,10.220425128936768,,69
200.0,0.0,200.0,200.0,200.0,200.0,0.0,200.0,200.0,200.0,-0.004648583475500345,73372,10.343657970428467,,70
153.0,66.46804,200.0,59.0,153.0,200.0,0.0,200.0,200.0,200.0,-0.00517522357404232,74372,10.471099138259888,,71
200.0,0.0,200.0,200.0,200.0,200.0,0.0,200.0,200.0,200.0,0.005019508767873049,75372,10.616265058517456,,72
200.0,0.0,200.0,200.0,200.0,200.0,0.0,200.0,200.0,200.0,0.012053634971380234,76372,10.767609119415283,,73
200.0,0.0,200.0,200.0,200.0,200.0,0.0,200.0,200.0,200.0,0.007725206203758717,77372,10.88189697265625,,74
154.0,65.053825,200.0,62.0,154.0,174.66667,56.647053,200.0,48.0,174.66666666666666,0.0001942460803547874,78420,11.015696287155151,,75
200.0,0.0,200.0,200.0,200.0,200.0,0.0,200.0,200.0,200.0,0.0006012070225551724,79420,11.136500120162964,,76
200.0,0.0,200.0,200.0,200.0,200.0,0.0,200.0,200.0,200.0,-0.006808902602642775,80420,11.252961158752441,,77
200.0,0.0,200.0,200.0,200.0,181.66667,40.994583,200.0,90.0,181.66666666666666,-0.006589801982045174,81510,11.400935173034668,,78
200.0,0.0,200.0,200.0,200.0,170.0,44.45597,200.0,87.0,170.0,-0.0024926569312810898,82530,11.554620265960693,,79
200.0,0.0,200.0,200.0,200.0,200.0,0.0,200.0,200.0,200.0,-0.016897015273571014,83530,11.694352149963379,,80
200.0,0.0,200.0,200.0,200.0,200.0,0.0,200.0,200.0,200.0,-0.0021597419399768114,84530,11.846431970596313,,81
200.0,0.0,200.0,200.0,200.0,200.0,0.0,200.0,200.0,200.0,-0.018071386963129044,85530,12.001243114471436,,82
200.0,0.0,200.0,200.0,200.0,200.0,0.0,200.0,200.0,200.0,-0.010780527256429195,86530,12.12659215927124,,83
200.0,0.0,200.0,200.0,200.0,200.0,0.0,200.0,200.0,200.0,0.002510578604415059,87530,12.250579118728638,,84
200.0,0.0,200.0,200.0,200.0,200.0,0.0,200.0,200.0,200.0,-0.010238630697131157,88530,12.404967308044434,,85
200.0,0.0,200.0,200.0,200.0,200.0,0.0,200.0,200.0,200.0,-0.0027280140202492476,89530,12.531010150909424,,86
200.0,0.0,200.0,200.0,200.0,200.0,0.0,200.0,200.0,200.0,0.004371775779873133,90530,12.676064014434814,,87
200.0,0.0,200.0,200.0,200.0,200.0,0.0,200.0,200.0,200.0,-0.004020227584987879,91530,12.828648090362549,,88
200.0,0.0,200.0,200.0,200.0,200.0,0.0,200.0,200.0,200.0,-0.0031820202711969614,92530,12.963404178619385,,89
200.0,0.0,200.0,200.0,200.0,200.0,0.0,200.0,200.0,200.0,0.00845442432910204,93530,13.076775312423706,,90
200.0,0.0,200.0,200.0,200.0,200.0,0.0,200.0,200.0,200.0,0.009936735965311527,94530,13.185532331466675,,91
200.0,0.0,200.0,200.0,200.0,200.0,0.0,200.0,200.0,200.0,-0.011717532761394978,95530,13.325407981872559,,92
200.0,0.0,200.0,200.0,200.0,200.0,0.0,200.0,200.0,200.0,-0.008050022646784782,96530,13.450873136520386,,93
200.0,0.0,200.0,200.0,200.0,200.0,0.0,200.0,200.0,200.0,0.0014418659266084433,97530,13.588466167449951,,94
200.0,0.0,200.0,200.0,200.0,200.0,0.0,200.0,200.0,200.0,-0.0058029815554618835,98530,13.724229097366333,,95
200.0,0.0,200.0,200.0,200.0,200.0,0.0,200.0,200.0,200.0,-0.009410065598785877,99530,13.869652032852173,,96
200.0,0.0,200.0,200.0,200.0,200.0,0.0,200.0,200.0,200.0,-0.008812574669718742,100530,13.984804153442383,,97
200.0,0.0,200.0,200.0,200.0,200.0,0.0,200.0,200.0,200.0,-0.007284906227141619,101530,14.08121132850647,,98
200.0,0.0,200.0,200.0,200.0,200.0,0.0,200.0,200.0,200.0,0.012881617993116379,102530,14.203474044799805,,99
