Eval_AverageReturn,Eval_StdReturn,Eval_MaxReturn,Eval_MinReturn,Eval_AverageEpLen,step,Train_EpisodeReturn,Train_EpisodeLen,critic_loss,q_values,target_values,grad_norm,epsilon,lr
34.2,9.35735,55.0,22.0,34.2,0,,,,,,,,
,,,,,24,25.0,25,,,,,,
,,,,,41,17.0,17,,,,,,
,,,,,75,34.0,34,,,,,,
,,,,,92,17.0,17,,,,,,
,,,,,105,13.0,13,,,,,,
,,,,,131,26.0,26,,,,,,
,,,,,158,27.0,27,,,,,,
,,,,,177,19.0,19,,,,,,
,,,,,220,43.0,43,,,,,,
,,,,,239,19.0,19,,,,,,
,,,,,258,19.0,19,,,,,,
,,,,,286,28.0,28,,,,,,
,,,,,330,44.0,44,,,,,,
,,,,,340,10.0,10,,,,,,
,,,,,354,14.0,14,,,,,,
,,,,,376,22.0,22,,,,,,
,,,,,411,35.0,35,,,,,,
,,,,,437,26.0,26,,,,,,
,,,,,464,27.0,27,,,,,,
,,,,,482,18.0,18,,,,,,
,,,,,505,23.0,23,,,,,,
,,,,,532,27.0,27,,,,,,
,,,,,572,40.0,40,,,,,,
,,,,,589,17.0,17,,,,,,
,,,,,605,16.0,16,,,,,,
,,,,,634,29.0,29,,,,,,
,,,,,662,28.0,28,,,,,,
,,,,,674,12.0,12,,,,,,
,,,,,687,13.0,13,,,,,,
,,,,,736,49.0,49,,,,,,
,,,,,753,17.0,17,,,,,,
,,,,,782,29.0,29,,,,,,
,,,,,800,18.0,18,,,,,,
,,,,,840,40.0,40,,,,,,
,,,,,855,15.0,15,,,,,,
,,,,,884,29.0,29,,,,,,
,,,,,929,45.0,45,,,,,,
,,,,,948,19.0,19,,,,,,
,,,,,963,15.0,15,,,,,,
,,,,,989,26.0,26,,,,,,
,,,,,1000,,,1.0596039295196533,0.07223755121231079,1.0971379280090332,2.787330389022827,0.97,0.0005
,,,,,1008,19.0,19,,,,,,
,,,,,1019,11.0,11,,,,,,
,,,,,1028,9.0,9,,,,,,
,,,,,1040,12.0,12,,,,,,
,,,,,1052,12.0,12,,,,,,
,,,,,1068,16.0,16,,,,,,
,,,,,1086,18.0,18,,,,,,
,,,,,1118,32.0,32,,,,,,
,,,,,1133,15.0,15,,,,,,
,,,,,1181,48.0,48,,,,,,
,,,,,1199,18.0,18,,,,,,
,,,,,1215,16.0,16,,,,,,
,,,,,1231,16.0,16,,,,,,
,,,,,1255,24.0,24,,,,,,
,,,,,1278,23.0,23,,,,,,
,,,,,1299,21.0,21,,,,,,
,,,,,1310,11.0,11,,,,,,
,,,,,1336,26.0,26,,,,,,
,,,,,1369,33.0,33,,,,,,
,,,,,1382,13.0,13,,,,,,
,,,,,1402,20.0,20,,,,,,
,,,,,1421,19.0,19,,,,,,
,,,,,1441,20.0,20,,,,,,
,,,,,1458,17.0,17,,,,,,
,,,,,1478,20.0,20,,,,,,
,,,,,1531,53.0,53,,,,,,
,,,,,1545,14.0,14,,,,,,
,,,,,1570,25.0,25,,,,,,
,,,,,1609,39.0,39,,,,,,
,,,,,1666,57.0,57,,,,,,
,,,,,1696,30.0,30,,,,,,
,,,,,1728,32.0,32,,,,,,
,,,,,1740,12.0,12,,,,,,
,,,,,1759,19.0,19,,,,,,
,,,,,1779,20.0,20,,,,,,
,,,,,1803,24.0,24,,,,,,
,,,,,1814,11.0,11,,,,,,
,,,,,1832,18.0,18,,,,,,
,,,,,1844,12.0,12,,,,,,
,,,,,1858,14.0,14,,,,,,
,,,,,1878,20.0,20,,,,,,
,,,,,1897,19.0,19,,,,,,
,,,,,1921,24.0,24,,,,,,
,,,,,1956,35.0,35,,,,,,
,,,,,1982,26.0,26,,,,,,
,,,,,2000,,,0.002125740982592106,1.127577781677246,1.1228787899017334,0.025053516030311584,0.94,0.0005
,,,,,2057,75.0,75,,,,,,
,,,,,2163,106.0,106,,,,,,
,,,,,2186,23.0,23,,,,,,
,,,,,2215,29.0,29,,,,,,
,,,,,2226,11.0,11,,,,,,
,,,,,2238,12.0,12,,,,,,
,,,,,2254,16.0,16,,,,,,
,,,,,2269,15.0,15,,,,,,
,,,,,2293,24.0,24,,,,,,
,,,,,2327,34.0,34,,,,,,
,,,,,2343,16.0,16,,,,,,
,,,,,2372,29.0,29,,,,,,
,,,,,2387,15.0,15,,,,,,
,,,,,2434,47.0,47,,,,,,
,,,,,2447,13.0,13,,,,,,
,,,,,2468,21.0,21,,,,,,
,,,,,2479,11.0,11,,,,,,
,,,,,2500,21.0,21,,,,,,
10.4,0.663325,11.0,9.0,10.4,2500,,,0.031522881239652634,2.1236565113067627,2.1113510131835938,0.1084049791097641,0.925,0.0005
,,,,,2513,13.0,13,,,,,,
,,,,,2530,17.0,17,,,,,,
,,,,,2541,11.0,11,,,,,,
,,,,,2554,13.0,13,,,,,,
,,,,,2574,20.0,20,,,,,,
,,,,,2592,18.0,18,,,,,,
,,,,,2652,60.0,60,,,,,,
,,,,,2664,12.0,12,,,,,,
,,,,,2681,17.0,17,,,,,,
,,,,,2715,34.0,34,,,,,,
,,,,,2731,16.0,16,,,,,,
,,,,,2751,20.0,20,,,,,,
,,,,,2802,51.0,51,,,,,,
,,,,,2826,24.0,24,,,,,,
,,,,,2838,12.0,12,,,,,,
,,,,,2848,10.0,10,,,,,,
,,,,,2872,24.0,24,,,,,,
,,,,,2883,11.0,11,,,,,,
,,,,,2900,17.0,17,,,,,,
,,,,,2916,16.0,16,,,,,,
,,,,,2945,29.0,29,,,,,,
,,,,,2992,47.0,47,,,,,,
,,,,,3000,,,0.025546379387378693,2.081531524658203,2.132390260696411,0.31295713782310486,0.91,0.0005
,,,,,3005,13.0,13,,,,,,
,,,,,3019,14.0,14,,,,,,
,,,,,3039,20.0,20,,,,,,
,,,,,3053,14.0,14,,,,,,
,,,,,3070,17.0,17,,,,,,
,,,,,3089,19.0,19,,,,,,
,,,,,3102,13.0,13,,,,,,
,,,,,3113,11.0,11,,,,,,
,,,,,3134,21.0,21,,,,,,
,,,,,3174,40.0,40,,,,,,
,,,,,3183,9.0,9,,,,,,
,,,,,3196,13.0,13,,,,,,
,,,,,3206,10.0,10,,,,,,
,,,,,3233,27.0,27,,,,,,
,,,,,3253,20.0,20,,,,,,
,,,,,3294,41.0,41,,,,,,
,,,,,3311,17.0,17,,,,,,
,,,,,3336,25.0,25,,,,,,
,,,,,3355,19.0,19,,,,,,
,,,,,3366,11.0,11,,,,,,
,,,,,3420,54.0,54,,,,,,
,,,,,3445,25.0,25,,,,,,
,,,,,3458,13.0,13,,,,,,
,,,,,3505,47.0,47,,,,,,
,,,,,3589,84.0,84,,,,,,
,,,,,3617,28.0,28,,,,,,
,,,,,3640,23.0,23,,,,,,
,,,,,3662,22.0,22,,,,,,
,,,,,3687,25.0,25,,,,,,
,,,,,3710,23.0,23,,,,,,
,,,,,3736,26.0,26,,,,,,
,,,,,3768,32.0,32,,,,,,
,,,,,3778,10.0,10,,,,,,
,,,,,3789,11.0,11,,,,,,
,,,,,3849,60.0,60,,,,,,
,,,,,3872,23.0,23,,,,,,
,,,,,3883,11.0,11,,,,,,
,,,,,3917,34.0,34,,,,,,
,,,,,3929,12.0,12,,,,,,
,,,,,3948,19.0,19,,,,,,
,,,,,3992,44.0,44,,,,,,
,,,,,4000,,,0.10222387313842773,2.941002368927002,2.9856631755828857,0.3649732172489166,0.88,0.0005
,,,,,4006,14.0,14,,,,,,
,,,,,4024,18.0,18,,,,,,
,,,,,4048,24.0,24,,,,,,
,,,,,4095,47.0,47,,,,,,
,,,,,4114,19.0,19,,,,,,
,,,,,4156,42.0,42,,,,,,
,,,,,4168,12.0,12,,,,,,
,,,,,4194,26.0,26,,,,,,
,,,,,4224,30.0,30,,,,,,
,,,,,4244,20.0,20,,,,,,
,,,,,4292,48.0,48,,,,,,
,,,,,4308,16.0,16,,,,,,
,,,,,4358,50.0,50,,,,,,
,,,,,4369,11.0,11,,,,,,
,,,,,4379,10.0,10,,,,,,
,,,,,4395,16.0,16,,,,,,
,,,,,4414,19.0,19,,,,,,
,,,,,4465,51.0,51,,,,,,
,,,,,4486,21.0,21,,,,,,
,,,,,4617,131.0,131,,,,,,
,,,,,4643,26.0,26,,,,,,
,,,,,4658,15.0,15,,,,,,
,,,,,4673,15.0,15,,,,,,
,,,,,4697,24.0,24,,,,,,
,,,,,4724,27.0,27,,,,,,
,,,,,4765,41.0,41,,,,,,
,,,,,4803,38.0,38,,,,,,
,,,,,4813,10.0,10,,,,,,
,,,,,4830,17.0,17,,,,,,
,,,,,4859,29.0,29,,,,,,
,,,,,4887,28.0,28,,,,,,
,,,,,4896,9.0,9,,,,,,
,,,,,4940,44.0,44,,,,,,
,,,,,4983,43.0,43,,,,,,
302.8,87.44003,494.0,187.0,302.8,5000,,,0.10624006390571594,3.828979969024658,3.8323254585266113,0.269015908241272,0.85,0.0005
,,,,,5036,53.0,53,,,,,,
,,,,,5051,15.0,15,,,,,,
,,,,,5101,50.0,50,,,,,,
,,,,,5114,13.0,13,,,,,,
,,,,,5126,12.0,12,,,,,,
,,,,,5159,33.0,33,,,,,,
,,,,,5193,34.0,34,,,,,,
,,,,,5214,21.0,21,,,,,,
,,,,,5228,14.0,14,,,,,,
,,,,,5296,68.0,68,,,,,,
,,,,,5314,18.0,18,,,,,,
,,,,,5329,15.0,15,,,,,,
,,,,,5348,19.0,19,,,,,,
,,,,,5436,88.0,88,,,,,,
,,,,,5483,47.0,47,,,,,,
,,,,,5499,16.0,16,,,,,,
,,,,,5541,42.0,42,,,,,,
,,,,,5588,47.0,47,,,,,,
,,,,,5652,64.0,64,,,,,,
,,,,,5707,55.0,55,,,,,,
,,,,,5723,16.0,16,,,,,,
,,,,,5736,13.0,13,,,,,,
,,,,,5777,41.0,41,,,,,,
,,,,,5859,82.0,82,,,,,,
,,,,,5872,13.0,13,,,,,,
,,,,,5889,17.0,17,,,,,,
,,,,,5902,13.0,13,,,,,,
,,,,,5975,73.0,73,,,,,,
,,,,,5999,24.0,24,,,,,,
,,,,,6000,,,0.17243969440460205,4.631773948669434,4.570681571960449,0.5196477770805359,0.82,0.0005
,,,,,6043,44.0,44,,,,,,
,,,,,6066,23.0,23,,,,,,
,,,,,6088,22.0,22,,,,,,
,,,,,6099,11.0,11,,,,,,
,,,,,6116,17.0,17,,,,,,
,,,,,6130,14.0,14,,,,,,
,,,,,6148,18.0,18,,,,,,
,,,,,6167,19.0,19,,,,,,
,,,,,6181,14.0,14,,,,,,
,,,,,6194,13.0,13,,,,,,
,,,,,6205,11.0,11,,,,,,
,,,,,6230,25.0,25,,,,,,
,,,,,6270,40.0,40,,,,,,
,,,,,6283,13.0,13,,,,,,
,,,,,6351,68.0,68,,,,,,
,,,,,6370,19.0,19,,,,,,
,,,,,6392,22.0,22,,,,,,
,,,,,6415,23.0,23,,,,,,
,,,,,6433,18.0,18,,,,,,
,,,,,6491,58.0,58,,,,,,
,,,,,6509,18.0,18,,,,,,
,,,,,6557,48.0,48,,,,,,
,,,,,6612,55.0,55,,,,,,
,,,,,6648,36.0,36,,,,,,
,,,,,6700,52.0,52,,,,,,
,,,,,6715,15.0,15,,,,,,
,,,,,6750,35.0,35,,,,,,
,,,,,6829,79.0,79,,,,,,
,,,,,6844,15.0,15,,,,,,
,,,,,6867,23.0,23,,,,,,
,,,,,6905,38.0,38,,,,,,
,,,,,6917,12.0,12,,,,,,
,,,,,6932,15.0,15,,,,,,
,,,,,6945,13.0,13,,,,,,
,,,,,7000,,,0.10040007531642914,5.6496992111206055,5.621469497680664,0.4048207402229309,0.79,0.0005
,,,,,7034,89.0,89,,,,,,
,,,,,7082,48.0,48,,,,,,
,,,,,7128,46.0,46,,,,,,
,,,,,7177,49.0,49,,,,,,
,,,,,7213,36.0,36,,,,,,
,,,,,7234,21.0,21,,,,,,
,,,,,7327,93.0,93,,,,,,
,,,,,7338,11.0,11,,,,,,
,,,,,7361,23.0,23,,,,,,
,,,,,7386,25.0,25,,,,,,
,,,,,7408,22.0,22,,,,,,
,,,,,7439,31.0,31,,,,,,
,,,,,7449,10.0,10,,,,,,
,,,,,7466,17.0,17,,,,,,
252.1,101.06181,500.0,180.0,252.1,7500,,,0.025572925806045532,6.373277187347412,6.363261699676514,0.24679188430309296,0.775,0.0005
,,,,,7507,41.0,41,,,,,,
,,,,,7537,30.0,30,,,,,,
,,,,,7568,31.0,31,,,,,,
,,,,,7578,10.0,10,,,,,,
,,,,,7649,71.0,71,,,,,,
,,,,,7662,13.0,13,,,,,,
,,,,,7744,82.0,82,,,,,,
,,,,,7755,11.0,11,,,,,,
,,,,,7768,13.0,13,,,,,,
,,,,,7800,32.0,32,,,,,,
,,,,,7831,31.0,31,,,,,,
,,,,,7871,40.0,40,,,,,,
,,,,,7916,45.0,45,,,,,,
,,,,,7966,50.0,50,,,,,,
,,,,,7976,10.0,10,,,,,,
,,,,,7988,12.0,12,,,,,,
,,,,,8000,,,0.19165974855422974,6.4613142013549805,6.375601768493652,1.519169807434082,0.76,0.0005
,,,,,8006,18.0,18,,,,,,
,,,,,8052,46.0,46,,,,,,
,,,,,8095,43.0,43,,,,,,
,,,,,8132,37.0,37,,,,,,
,,,,,8164,32.0,32,,,,,,
,,,,,8194,30.0,30,,,,,,
,,,,,8210,16.0,16,,,,,,
,,,,,8238,28.0,28,,,,,,
,,,,,8276,38.0,38,,,,,,
,,,,,8345,69.0,69,,,,,,
,,,,,8411,66.0,66,,,,,,
,,,,,8494,83.0,83,,,,,,
,,,,,8554,60.0,60,,,,,,
,,,,,8572,18.0,18,,,,,,
,,,,,8599,27.0,27,,,,,,
,,,,,8632,33.0,33,,,,,,
,,,,,8680,48.0,48,,,,,,
,,,,,8717,37.0,37,,,,,,
,,,,,8729,12.0,12,,,,,,
,,,,,8741,12.0,12,,,,,,
,,,,,8780,39.0,39,,,,,,
,,,,,8891,111.0,111,,,,,,
,,,,,8924,33.0,33,,,,,,
,,,,,8948,24.0,24,,,,,,
,,,,,8960,12.0,12,,,,,,
,,,,,9000,,,0.014113258570432663,7.300116539001465,7.302365303039551,0.3084357976913452,0.73,0.0005
,,,,,9041,81.0,81,,,,,,
,,,,,9056,15.0,15,,,,,,
,,,,,9092,36.0,36,,,,,,
,,,,,9107,15.0,15,,,,,,
,,,,,9151,44.0,44,,,,,,
,,,,,9236,85.0,85,,,,,,
,,,,,9285,49.0,49,,,,,,
,,,,,9344,59.0,59,,,,,,
,,,,,9486,142.0,142,,,,,,
,,,,,9502,16.0,16,,,,,,
,,,,,9522,20.0,20,,,,,,
,,,,,9554,32.0,32,,,,,,
,,,,,9580,26.0,26,,,,,,
,,,,,9666,86.0,86,,,,,,
,,,,,9719,53.0,53,,,,,,
,,,,,9803,84.0,84,,,,,,
,,,,,9873,70.0,70,,,,,,
,,,,,9891,18.0,18,,,,,,
,,,,,9907,16.0,16,,,,,,
,,,,,9933,26.0,26,,,,,,
,,,,,9973,40.0,40,,,,,,
155.3,35.35548,201.0,100.0,155.3,10000,,,0.20605266094207764,8.110490798950195,8.038704872131348,1.4406307935714722,0.7,0.0005
,,,,,10001,28.0,28,,,,,,
,,,,,10019,18.0,18,,,,,,
,,,,,10126,107.0,107,,,,,,
,,,,,10165,39.0,39,,,,,,
,,,,,10197,32.0,32,,,,,,
,,,,,10211,14.0,14,,,,,,
,,,,,10253,42.0,42,,,,,,
,,,,,10342,89.0,89,,,,,,
,,,,,10373,31.0,31,,,,,,
,,,,,10389,16.0,16,,,,,,
,,,,,10401,12.0,12,,,,,,
,,,,,10498,97.0,97,,,,,,
,,,,,10518,20.0,20,,,,,,
,,,,,10529,11.0,11,,,,,,
,,,,,10563,34.0,34,,,,,,
,,,,,10576,13.0,13,,,,,,
,,,,,10665,89.0,89,,,,,,
,,,,,10686,21.0,21,,,,,,
,,,,,10713,27.0,27,,,,,,
,,,,,10748,35.0,35,,,,,,
,,,,,10805,57.0,57,,,,,,
,,,,,10860,55.0,55,,,,,,
,,,,,10878,18.0,18,,,,,,
,,,,,10897,19.0,19,,,,,,
,,,,,10932,35.0,35,,,,,,
,,,,,10979,47.0,47,,,,,,
,,,,,11000,,,0.12940578162670135,8.89671516418457,8.847766876220703,1.2441575527191162,0.67,0.0005
,,,,,11014,35.0,35,,,,,,
,,,,,11042,28.0,28,,,,,,
,,,,,11065,23.0,23,,,,,,
,,,,,11085,20.0,20,,,,,,
,,,,,11108,23.0,23,,,,,,
,,,,,11207,99.0,99,,,,,,
,,,,,11234,27.0,27,,,,,,
,,,,,11256,22.0,22,,,,,,
,,,,,11279,23.0,23,,,,,,
,,,,,11311,32.0,32,,,,,,
,,,,,11348,37.0,37,,,,,,
,,,,,11362,14.0,14,,,,,,
,,,,,11385,23.0,23,,,,,,
,,,,,11417,32.0,32,,,,,,
,,,,,11534,117.0,117,,,,,,
,,,,,11579,45.0,45,,,,,,
,,,,,11605,26.0,26,,,,,,
,,,,,11645,40.0,40,,,,,,
,,,,,11657,12.0,12,,,,,,
,,,,,11688,31.0,31,,,,,,
,,,,,11733,45.0,45,,,,,,
,,,,,11756,23.0,23,,,,,,
,,,,,11774,18.0,18,,,,,,
,,,,,11810,36.0,36,,,,,,
,,,,,11871,61.0,61,,,,,,
,,,,,11887,16.0,16,,,,,,
,,,,,11903,16.0,16,,,,,,
,,,,,11978,75.0,75,,,,,,
,,,,,12000,,,0.05052405223250389,9.2703857421875,9.245182991027832,0.6232486963272095,0.6399999999999999,0.0005
,,,,,12030,52.0,52,,,,,,
,,,,,12046,16.0,16,,,,,,
,,,,,12092,46.0,46,,,,,,
,,,,,12150,58.0,58,,,,,,
,,,,,12200,50.0,50,,,,,,
,,,,,12219,19.0,19,,,,,,
,,,,,12231,12.0,12,,,,,,
,,,,,12301,70.0,70,,,,,,
,,,,,12331,30.0,30,,,,,,
,,,,,12370,39.0,39,,,,,,
,,,,,12403,33.0,33,,,,,,
,,,,,12416,13.0,13,,,,,,
,,,,,12442,26.0,26,,,,,,
153.4,24.422123,214.0,128.0,153.4,12500,,,0.029392071068286896,10.636167526245117,10.635068893432617,0.6551336646080017,0.625,0.0005
,,,,,12540,98.0,98,,,,,,
,,,,,12568,28.0,28,,,,,,
,,,,,12585,17.0,17,,,,,,
,,,,,12605,20.0,20,,,,,,
,,,,,12682,77.0,77,,,,,,
,,,,,12708,26.0,26,,,,,,
,,,,,12728,20.0,20,,,,,,
,,,,,12772,44.0,44,,,,,,
,,,,,12813,41.0,41,,,,,,
,,,,,12892,79.0,79,,,,,,
,,,,,12937,45.0,45,,,,,,
,,,,,12951,14.0,14,,,,,,
,,,,,12982,31.0,31,,,,,,
,,,,,13000,,,0.12916405498981476,9.980753898620605,9.966184616088867,0.5945259928703308,0.61,0.0005
,,,,,13005,23.0,23,,,,,,
,,,,,13048,43.0,43,,,,,,
,,,,,13102,54.0,54,,,,,,
,,,,,13193,91.0,91,,,,,,
,,,,,13284,91.0,91,,,,,,
,,,,,13367,83.0,83,,,,,,
,,,,,13411,44.0,44,,,,,,
,,,,,13457,46.0,46,,,,,,
,,,,,13486,29.0,29,,,,,,
,,,,,13498,12.0,12,,,,,,
,,,,,13597,99.0,99,,,,,,
,,,,,13684,87.0,87,,,,,,
,,,,,13702,18.0,18,,,,,,
,,,,,13726,24.0,24,,,,,,
,,,,,13738,12.0,12,,,,,,
,,,,,13799,61.0,61,,,,,,
,,,,,13845,46.0,46,,,,,,
,,,,,13918,73.0,73,,,,,,
,,,,,13996,78.0,78,,,,,,
,,,,,14000,,,0.06353427469730377,11.660478591918945,11.669593811035156,0.43844103813171387,0.58,0.0005
,,,,,14090,94.0,94,,,,,,
,,,,,14141,51.0,51,,,,,,
,,,,,14185,44.0,44,,,,,,
,,,,,14203,18.0,18,,,,,,
,,,,,14306,103.0,103,,,,,,
,,,,,14340,34.0,34,,,,,,
,,,,,14358,18.0,18,,,,,,
,,,,,14404,46.0,46,,,,,,
,,,,,14431,27.0,27,,,,,,
,,,,,14443,12.0,12,,,,,,
,,,,,14481,38.0,38,,,,,,
,,,,,14569,88.0,88,,,,,,
,,,,,14588,19.0,19,,,,,,
,,,,,14600,12.0,12,,,,,,
,,,,,14622,22.0,22,,,,,,
,,,,,14658,36.0,36,,,,,,
,,,,,14677,19.0,19,,,,,,
,,,,,14697,20.0,20,,,,,,
,,,,,14791,94.0,94,,,,,,
,,,,,14836,45.0,45,,,,,,
,,,,,14918,82.0,82,,,,,,
,,,,,14988,70.0,70,,,,,,
111.2,9.693296,127.0,100.0,111.2,15000,,,0.24958199262619019,12.694206237792969,12.62516975402832,3.4282827377319336,0.55,0.0005
,,,,,15004,16.0,16,,,,,,
,,,,,15018,14.0,14,,,,,,
,,,,,15057,39.0,39,,,,,,
,,,,,15075,18.0,18,,,,,,
,,,,,15093,18.0,18,,,,,,
,,,,,15163,70.0,70,,,,,,
,,,,,15211,48.0,48,,,,,,
,,,,,15244,33.0,33,,,,,,
,,,,,15289,45.0,45,,,,,,
,,,,,15303,14.0,14,,,,,,
,,,,,15372,69.0,69,,,,,,
,,,,,15383,11.0,11,,,,,,
,,,,,15430,47.0,47,,,,,,
,,,,,15497,67.0,67,,,,,,
,,,,,15595,98.0,98,,,,,,
,,,,,15609,14.0,14,,,,,,
,,,,,15631,22.0,22,,,,,,
,,,,,15662,31.0,31,,,,,,
,,,,,15693,31.0,31,,,,,,
,,,,,15715,22.0,22,,,,,,
,,,,,15750,35.0,35,,,,,,
,,,,,15765,15.0,15,,,,,,
,,,,,15778,13.0,13,,,,,,
,,,,,15789,11.0,11,,,,,,
,,,,,15799,10.0,10,,,,,,
,,,,,15838,39.0,39,,,,,,
,,,,,15879,41.0,41,,,,,,
,,,,,15891,12.0,12,,,,,,
,,,,,15908,17.0,17,,,,,,
,,,,,15922,14.0,14,,,,,,
,,,,,15934,12.0,12,,,,,,
,,,,,15964,30.0,30,,,,,,
,,,,,15977,13.0,13,,,,,,
,,,,,15993,16.0,16,,,,,,
,,,,,16000,,,0.39464592933654785,13.287727355957031,13.224227905273438,3.648092746734619,0.52,0.0005
,,,,,16008,15.0,15,,,,,,
,,,,,16119,111.0,111,,,,,,
,,,,,16160,41.0,41,,,,,,
,,,,,16171,11.0,11,,,,,,
,,,,,16254,83.0,83,,,,,,
,,,,,16283,29.0,29,,,,,,
,,,,,16354,71.0,71,,,,,,
,,,,,16367,13.0,13,,,,,,
,,,,,16399,32.0,32,,,,,,
,,,,,16411,12.0,12,,,,,,
,,,,,16470,59.0,59,,,,,,
,,,,,16496,26.0,26,,,,,,
,,,,,16553,57.0,57,,,,,,
,,,,,16587,34.0,34,,,,,,
,,,,,16617,30.0,30,,,,,,
,,,,,16656,39.0,39,,,,,,
,,,,,16678,22.0,22,,,,,,
,,,,,16770,92.0,92,,,,,,
,,,,,16806,36.0,36,,,,,,
,,,,,16820,14.0,14,,,,,,
,,,,,16845,25.0,25,,,,,,
,,,,,16863,18.0,18,,,,,,
,,,,,16893,30.0,30,,,,,,
,,,,,16916,23.0,23,,,,,,
,,,,,16948,32.0,32,,,,,,
,,,,,17000,,,0.2063596248626709,13.638145446777344,13.55889892578125,3.0367531776428223,0.49,0.0005
,,,,,17004,56.0,56,,,,,,
,,,,,17021,17.0,17,,,,,,
,,,,,17062,41.0,41,,,,,,
,,,,,17082,20.0,20,,,,,,
,,,,,17109,27.0,27,,,,,,
,,,,,17139,30.0,30,,,,,,
,,,,,17249,110.0,110,,,,,,
,,,,,17333,84.0,84,,,,,,
,,,,,17394,61.0,61,,,,,,
,,,,,17422,28.0,28,,,,,,
,,,,,17439,17.0,17,,,,,,
,,,,,17479,40.0,40,,,,,,
97.7,3.132092,103.0,94.0,97.7,17500,,,0.8868361711502075,14.633543968200684,14.5210542678833,8.871576309204102,0.475,0.0005
,,,,,17504,25.0,25,,,,,,
,,,,,17522,18.0,18,,,,,,
,,,,,17543,21.0,21,,,,,,
,,,,,17563,20.0,20,,,,,,
,,,,,17605,42.0,42,,,,,,
,,,,,17679,74.0,74,,,,,,
,,,,,17763,84.0,84,,,,,,
,,,,,17840,77.0,77,,,,,,
,,,,,17862,22.0,22,,,,,,
,,,,,17970,108.0,108,,,,,,
,,,,,18000,,,0.044153813272714615,15.199337005615234,15.208751678466797,1.6886143684387207,0.45999999999999996,0.0005
,,,,,18017,47.0,47,,,,,,
,,,,,18046,29.0,29,,,,,,
,,,,,18059,13.0,13,,,,,,
,,,,,18079,20.0,20,,,,,,
,,,,,18108,29.0,29,,,,,,
,,,,,18125,17.0,17,,,,,,
,,,,,18140,15.0,15,,,,,,
,,,,,18154,14.0,14,,,,,,
,,,,,18171,17.0,17,,,,,,
,,,,,18186,15.0,15,,,,,,
,,,,,18199,13.0,13,,,,,,
,,,,,18212,13.0,13,,,,,,
,,,,,18226,14.0,14,,,,,,
,,,,,18236,10.0,10,,,,,,
,,,,,18307,71.0,71,,,,,,
,,,,,18343,36.0,36,,,,,,
,,,,,18356,13.0,13,,,,,,
,,,,,18368,12.0,12,,,,,,
,,,,,18404,36.0,36,,,,,,
,,,,,18417,13.0,13,,,,,,
,,,,,18443,26.0,26,,,,,,
,,,,,18463,20.0,20,,,,,,
,,,,,18490,27.0,27,,,,,,
,,,,,18503,13.0,13,,,,,,
,,,,,18543,40.0,40,,,,,,
,,,,,18587,44.0,44,,,,,,
,,,,,18599,12.0,12,,,,,,
,,,,,18649,50.0,50,,,,,,
,,,,,18746,97.0,97,,,,,,
,,,,,18758,12.0,12,,,,,,
,,,,,18773,15.0,15,,,,,,
,,,,,18845,72.0,72,,,,,,
,,,,,18865,20.0,20,,,,,,
,,,,,18930,65.0,65,,,,,,
,,,,,18949,19.0,19,,,,,,
,,,,,19000,,,0.10765916854143143,15.385119438171387,15.402044296264648,2.487192153930664,0.43000000000000005,0.0005
,,,,,19020,71.0,71,,,,,,
,,,,,19040,20.0,20,,,,,,
,,,,,19110,70.0,70,,,,,,
,,,,,19138,28.0,28,,,,,,
,,,,,19152,14.0,14,,,,,,
,,,,,19223,71.0,71,,,,,,
,,,,,19244,21.0,21,,,,,,
,,,,,19343,99.0,99,,,,,,
,,,,,19381,38.0,38,,,,,,
,,,,,19396,15.0,15,,,,,,
,,,,,19482,86.0,86,,,,,,
,,,,,19511,29.0,29,,,,,,
,,,,,19543,32.0,32,,,,,,
,,,,,19641,98.0,98,,,,,,
,,,,,19659,18.0,18,,,,,,
,,,,,19762,103.0,103,,,,,,
,,,,,19826,64.0,64,,,,,,
,,,,,19839,13.0,13,,,,,,
,,,,,19864,25.0,25,,,,,,
,,,,,19883,19.0,19,,,,,,
,,,,,19994,111.0,111,,,,,,
115.0,7.483315,132.0,103.0,115.0,20000,,,0.054886654019355774,15.879894256591797,15.841346740722656,1.2574483156204224,0.4,0.0005
,,,,,20087,93.0,93,,,,,,
,,,,,20099,12.0,12,,,,,,
,,,,,20113,14.0,14,,,,,,
,,,,,20150,37.0,37,,,,,,
,,,,,20231,81.0,81,,,,,,
,,,,,20249,18.0,18,,,,,,
,,,,,20278,29.0,29,,,,,,
,,,,,20345,67.0,67,,,,,,
,,,,,20365,20.0,20,,,,,,
,,,,,20382,17.0,17,,,,,,
,,,,,20415,33.0,33,,,,,,
,,,,,20426,11.0,11,,,,,,
,,,,,20454,28.0,28,,,,,,
,,,,,20561,107.0,107,,,,,,
,,,,,20575,14.0,14,,,,,,
,,,,,20681,106.0,106,,,,,,
,,,,,20696,15.0,15,,,,,,
,,,,,20710,14.0,14,,,,,,
,,,,,20752,42.0,42,,,,,,
,,,,,20804,52.0,52,,,,,,
,,,,,20816,12.0,12,,,,,,
,,,,,20855,39.0,39,,,,,,
,,,,,20888,33.0,33,,,,,,
,,,,,20904,16.0,16,,,,,,
,,,,,20919,15.0,15,,,,,,
,,,,,20931,12.0,12,,,,,,
,,,,,20957,26.0,26,,,,,,
,,,,,21000,,,0.1277233362197876,17.196048736572266,17.192975997924805,2.912487506866455,0.37,0.0005
,,,,,21006,49.0,49,,,,,,
,,,,,21103,97.0,97,,,,,,
,,,,,21127,24.0,24,,,,,,
,,,,,21137,10.0,10,,,,,,
,,,,,21236,99.0,99,,,,,,
,,,,,21282,46.0,46,,,,,,
,,,,,21386,104.0,104,,,,,,
,,,,,21436,50.0,50,,,,,,
,,,,,21530,94.0,94,,,,,,
,,,,,21556,26.0,26,,,,,,
,,,,,21600,44.0,44,,,,,,
,,,,,21681,81.0,81,,,,,,
,,,,,21702,21.0,21,,,,,,
,,,,,21724,22.0,22,,,,,,
,,,,,21824,100.0,100,,,,,,
,,,,,21833,9.0,9,,,,,,
,,,,,21926,93.0,93,,,,,,
,,,,,22000,,,0.2824162244796753,17.7310733795166,17.724123001098633,5.5547404289245605,0.3400000000000001,0.0005
,,,,,22030,104.0,104,,,,,,
,,,,,22043,13.0,13,,,,,,
,,,,,22148,105.0,105,,,,,,
,,,,,22158,10.0,10,,,,,,
,,,,,22173,15.0,15,,,,,,
,,,,,22284,111.0,111,,,,,,
,,,,,22294,10.0,10,,,,,,
,,,,,22340,46.0,46,,,,,,
,,,,,22366,26.0,26,,,,,,
,,,,,22428,62.0,62,,,,,,
104.9,2.0712316,108.0,101.0,104.9,22500,,,0.07953210175037384,19.200130462646484,19.27557373046875,4.1329779624938965,0.32499999999999996,0.0005
,,,,,22520,92.0,92,,,,,,
,,,,,22594,74.0,74,,,,,,
,,,,,22611,17.0,17,,,,,,
,,,,,22711,100.0,100,,,,,,
,,,,,22735,24.0,24,,,,,,
,,,,,22759,24.0,24,,,,,,
,,,,,22859,100.0,100,,,,,,
,,,,,22880,21.0,21,,,,,,
,,,,,22927,47.0,47,,,,,,
,,,,,23000,,,0.9578312039375305,18.4780330657959,18.489776611328125,11.533202171325684,0.30999999999999994,0.0005
,,,,,23028,101.0,101,,,,,,
,,,,,23141,113.0,113,,,,,,
,,,,,23261,120.0,120,,,,,,
,,,,,23276,15.0,15,,,,,,
,,,,,23380,104.0,104,,,,,,
,,,,,23487,107.0,107,,,,,,
,,,,,23543,56.0,56,,,,,,
,,,,,23553,10.0,10,,,,,,
,,,,,23654,101.0,101,,,,,,
,,,,,23710,56.0,56,,,,,,
,,,,,23813,103.0,103,,,,,,
,,,,,23868,55.0,55,,,,,,
,,,,,23975,107.0,107,,,,,,
,,,,,24000,,,0.24478378891944885,20.19583511352539,20.251951217651367,4.712034702301025,0.2799999999999999,0.0005
,,,,,24002,27.0,27,,,,,,
,,,,,24107,105.0,105,,,,,,
,,,,,24217,110.0,110,,,,,,
,,,,,24320,103.0,103,,,,,,
,,,,,24437,117.0,117,,,,,,
,,,,,24565,128.0,128,,,,,,
,,,,,24636,71.0,71,,,,,,
,,,,,24700,64.0,64,,,,,,
,,,,,24719,19.0,19,,,,,,
,,,,,24831,112.0,112,,,,,,
,,,,,24841,10.0,10,,,,,,
,,,,,24956,115.0,115,,,,,,
106.9,4.205948,115.0,101.0,106.9,25000,,,0.06747497618198395,19.578617095947266,19.615800857543945,1.1359996795654297,0.25,0.0005
,,,,,25090,134.0,134,,,,,,
,,,,,25150,60.0,60,,,,,,
,,,,,25196,46.0,46,,,,,,
,,,,,25281,85.0,85,,,,,,
,,,,,25357,76.0,76,,,,,,
,,,,,25487,130.0,130,,,,,,
,,,,,25513,26.0,26,,,,,,
,,,,,25645,132.0,132,,,,,,
,,,,,25663,18.0,18,,,,,,
,,,,,25781,118.0,118,,,,,,
,,,,,25846,65.0,65,,,,,,
,,,,,25953,107.0,107,,,,,,
,,,,,26000,,,2.449483633041382,21.440475463867188,21.281696319580078,6.115478992462158,0.21999999999999997,0.0005
,,,,,26067,114.0,114,,,,,,
,,,,,26082,15.0,15,,,,,,
,,,,,26195,113.0,113,,,,,,
,,,,,26325,130.0,130,,,,,,
,,,,,26457,132.0,132,,,,,,
,,,,,26588,131.0,131,,,,,,
,,,,,26654,66.0,66,,,,,,
,,,,,26720,66.0,66,,,,,,
,,,,,26763,43.0,43,,,,,,
,,,,,26881,118.0,118,,,,,,
,,,,,26999,118.0,118,,,,,,
,,,,,27000,,,0.07663679122924805,21.447059631347656,21.491477966308594,2.8255207538604736,0.18999999999999995,0.0005
,,,,,27071,72.0,72,,,,,,
,,,,,27182,111.0,111,,,,,,
,,,,,27249,67.0,67,,,,,,
,,,,,27279,30.0,30,,,,,,
,,,,,27352,73.0,73,,,,,,
108.2,3.3105893,114.0,104.0,108.2,27500,,,2.256779193878174,22.372758865356445,22.379459381103516,5.5288004875183105,0.17500000000000004,0.0005
,,,,,27516,164.0,164,,,,,,
,,,,,27574,58.0,58,,,,,,
,,,,,27700,126.0,126,,,,,,
,,,,,27757,57.0,57,,,,,,
,,,,,27880,123.0,123,,,,,,
,,,,,28000,,,1.1372160911560059,22.152103424072266,22.163488388061523,10.121926307678223,0.15999999999999992,0.0005
,,,,,28007,127.0,127,,,,,,
,,,,,28130,123.0,123,,,,,,
,,,,,28144,14.0,14,,,,,,
,,,,,28263,119.0,119,,,,,,
,,,,,28380,117.0,117,,,,,,
,,,,,28488,108.0,108,,,,,,
,,,,,28604,116.0,116,,,,,,
,,,,,28721,117.0,117,,,,,,
,,,,,28833,112.0,112,,,,,,
,,,,,28944,111.0,111,,,,,,
,,,,,29000,,,1.496883749961853,24.448944091796875,24.360931396484375,5.86128044128418,0.13,0.0005
,,,,,29053,109.0,109,,,,,,
,,,,,29151,98.0,98,,,,,,
,,,,,29259,108.0,108,,,,,,
,,,,,29271,12.0,12,,,,,,
,,,,,29384,113.0,113,,,,,,
,,,,,29489,105.0,105,,,,,,
,,,,,29587,98.0,98,,,,,,
,,,,,29684,97.0,97,,,,,,
,,,,,29784,100.0,100,,,,,,
,,,,,29888,104.0,104,,,,,,
,,,,,29988,100.0,100,,,,,,
100.9,2.624881,106.0,97.0,100.9,30000,,,4.470125198364258,23.601337432861328,23.378124237060547,43.41946792602539,0.1,0.0005
,,,,,30087,99.0,99,,,,,,
,,,,,30194,107.0,107,,,,,,
,,,,,30296,102.0,102,,,,,,
,,,,,30400,104.0,104,,,,,,
,,,,,30502,102.0,102,,,,,,
,,,,,30610,108.0,108,,,,,,
,,,,,30707,97.0,97,,,,,,
,,,,,30804,97.0,97,,,,,,
,,,,,30906,102.0,102,,,,,,
,,,,,31000,,,2.736536979675293,24.761240005493164,24.704509735107422,22.736936569213867,0.09733333333333334,0.0005
,,,,,31006,100.0,100,,,,,,
,,,,,31109,103.0,103,,,,,,
,,,,,31209,100.0,100,,,,,,
,,,,,31312,103.0,103,,,,,,
,,,,,31417,105.0,105,,,,,,
,,,,,31537,120.0,120,,,,,,
,,,,,31634,97.0,97,,,,,,
,,,,,31740,106.0,106,,,,,,
,,,,,31840,100.0,100,,,,,,
,,,,,31852,12.0,12,,,,,,
,,,,,31951,99.0,99,,,,,,
,,,,,32000,,,0.15238630771636963,25.952678680419922,26.06351089477539,7.824132919311523,0.09466666666666668,0.0005
,,,,,32052,101.0,101,,,,,,
,,,,,32154,102.0,102,,,,,,
,,,,,32257,103.0,103,,,,,,
,,,,,32359,102.0,102,,,,,,
,,,,,32467,108.0,108,,,,,,
98.1,1.9723083,101.0,94.0,98.1,32500,,,0.8092942237854004,25.569469451904297,25.580623626708984,6.416162967681885,0.09333333333333334,0.0005
,,,,,32568,101.0,101,,,,,,
,,,,,32667,99.0,99,,,,,,
,,,,,32773,106.0,106,,,,,,
,,,,,32871,98.0,98,,,,,,
,,,,,32970,99.0,99,,,,,,
,,,,,33000,,,1.2982761859893799,25.32392692565918,25.410160064697266,18.1544132232666,0.092,0.0005
,,,,,33073,103.0,103,,,,,,
,,,,,33172,99.0,99,,,,,,
,,,,,33282,110.0,110,,,,,,
,,,,,33386,104.0,104,,,,,,
,,,,,33488,102.0,102,,,,,,
,,,,,33596,108.0,108,,,,,,
,,,,,33696,100.0,100,,,,,,
,,,,,33707,11.0,11,,,,,,
,,,,,33806,99.0,99,,,,,,
,,,,,33911,105.0,105,,,,,,
,,,,,34000,,,0.06078950688242912,27.690900802612305,27.662744522094727,2.6938159465789795,0.08933333333333333,0.0005
,,,,,34018,107.0,107,,,,,,
,,,,,34121,103.0,103,,,,,,
,,,,,34226,105.0,105,,,,,,
,,,,,34332,106.0,106,,,,,,
,,,,,34442,110.0,110,,,,,,
,,,,,34541,99.0,99,,,,,,
,,,,,34642,101.0,101,,,,,,
,,,,,34746,104.0,104,,,,,,
,,,,,34847,101.0,101,,,,,,
,,,,,34942,95.0,95,,,,,,
96.3,1.7349352,100.0,94.0,96.3,35000,,,0.9164845943450928,26.635770797729492,26.6192569732666,20.41701889038086,0.08666666666666667,0.0005
,,,,,35045,103.0,103,,,,,,
,,,,,35062,17.0,17,,,,,,
,,,,,35158,96.0,96,,,,,,
,,,,,35271,113.0,113,,,,,,
,,,,,35368,97.0,97,,,,,,
,,,,,35467,99.0,99,,,,,,
,,,,,35571,104.0,104,,,,,,
,,,,,35667,96.0,96,,,,,,
,,,,,35767,100.0,100,,,,,,
,,,,,35870,103.0,103,,,,,,
,,,,,35976,106.0,106,,,,,,
,,,,,36000,,,0.29185420274734497,28.33393096923828,28.34428596496582,7.119144439697266,0.084,0.0005
,,,,,36075,99.0,99,,,,,,
,,,,,36176,101.0,101,,,,,,
,,,,,36283,107.0,107,,,,,,
,,,,,36394,111.0,111,,,,,,
,,,,,36495,101.0,101,,,,,,
,,,,,36603,108.0,108,,,,,,
,,,,,36713,110.0,110,,,,,,
,,,,,36813,100.0,100,,,,,,
,,,,,36915,102.0,102,,,,,,
,,,,,37000,,,0.518656849861145,29.59699249267578,29.664657592773438,4.4345245361328125,0.08133333333333334,0.0005
,,,,,37021,106.0,106,,,,,,
,,,,,37134,113.0,113,,,,,,
,,,,,37234,100.0,100,,,,,,
,,,,,37329,95.0,95,,,,,,
,,,,,37425,96.0,96,,,,,,
98.0,2.9325757,103.0,94.0,98.0,37500,,,0.6311763525009155,31.014591217041016,30.872282028198242,12.352866172790527,0.08,0.0005
,,,,,37529,104.0,104,,,,,,
,,,,,37638,109.0,109,,,,,,
,,,,,37657,19.0,19,,,,,,
,,,,,37750,93.0,93,,,,,,
,,,,,37851,101.0,101,,,,,,
,,,,,37953,102.0,102,,,,,,
,,,,,38000,,,0.3355596661567688,28.758237838745117,28.79436492919922,13.701059341430664,0.07866666666666668,0.0005
,,,,,38047,94.0,94,,,,,,
,,,,,38142,95.0,95,,,,,,
,,,,,38251,109.0,109,,,,,,
,,,,,38348,97.0,97,,,,,,
,,,,,38445,97.0,97,,,,,,
,,,,,38553,108.0,108,,,,,,
,,,,,38646,93.0,93,,,,,,
,,,,,38741,95.0,95,,,,,,
,,,,,38838,97.0,97,,,,,,
,,,,,38934,96.0,96,,,,,,
,,,,,39000,,,0.37965309619903564,30.417125701904297,30.532127380371094,16.721067428588867,0.07600000000000001,0.0005
,,,,,39036,102.0,102,,,,,,
,,,,,39134,98.0,98,,,,,,
,,,,,39234,100.0,100,,,,,,
,,,,,39336,102.0,102,,,,,,
,,,,,39437,101.0,101,,,,,,
,,,,,39537,100.0,100,,,,,,
,,,,,39639,102.0,102,,,,,,
,,,,,39736,97.0,97,,,,,,
,,,,,39829,93.0,93,,,,,,
,,,,,39935,106.0,106,,,,,,
96.8,1.8330303,100.0,93.0,96.8,40000,,,2.4368784427642822,30.56576919555664,30.31134796142578,32.490013122558594,0.07333333333333333,0.0005
,,,,,40029,94.0,94,,,,,,
,,,,,40141,112.0,112,,,,,,
,,,,,40241,100.0,100,,,,,,
,,,,,40346,105.0,105,,,,,,
,,,,,40462,116.0,116,,,,,,
,,,,,40557,95.0,95,,,,,,
,,,,,40657,100.0,100,,,,,,
,,,,,40754,97.0,97,,,,,,
,,,,,40867,113.0,113,,,,,,
,,,,,40973,106.0,106,,,,,,
,,,,,41000,,,0.11604790389537811,31.631210327148438,31.676828384399414,4.1808271408081055,0.07066666666666667,0.0005
,,,,,41082,109.0,109,,,,,,
,,,,,41183,101.0,101,,,,,,
,,,,,41203,20.0,20,,,,,,
,,,,,41297,94.0,94,,,,,,
,,,,,41313,16.0,16,,,,,,
,,,,,41431,118.0,118,,,,,,
,,,,,41524,93.0,93,,,,,,
,,,,,41619,95.0,95,,,,,,
,,,,,41725,106.0,106,,,,,,
,,,,,41828,103.0,103,,,,,,
,,,,,41928,100.0,100,,,,,,
,,,,,42000,,,0.217630997300148,31.91592788696289,31.86956787109375,5.617488384246826,0.068,0.0005
,,,,,42029,101.0,101,,,,,,
,,,,,42131,102.0,102,,,,,,
,,,,,42230,99.0,99,,,,,,
,,,,,42325,95.0,95,,,,,,
,,,,,42418,93.0,93,,,,,,
136.1,33.640602,223.0,110.0,136.1,42500,,,0.47717201709747314,30.505752563476562,30.614171981811523,11.427802085876465,0.06666666666666668,0.0005
,,,,,42511,93.0,93,,,,,,
,,,,,42606,95.0,95,,,,,,
,,,,,42701,95.0,95,,,,,,
,,,,,42798,97.0,97,,,,,,
,,,,,42892,94.0,94,,,,,,
,,,,,42992,100.0,100,,,,,,
,,,,,43000,,,0.3614886999130249,31.657114028930664,31.679338455200195,11.426127433776855,0.06533333333333333,0.0005
,,,,,43096,104.0,104,,,,,,
,,,,,43228,132.0,132,,,,,,
,,,,,43322,94.0,94,,,,,,
,,,,,43418,96.0,96,,,,,,
,,,,,43516,98.0,98,,,,,,
,,,,,43611,95.0,95,,,,,,
,,,,,43710,99.0,99,,,,,,
,,,,,43802,92.0,92,,,,,,
,,,,,43898,96.0,96,,,,,,
,,,,,43993,95.0,95,,,,,,
,,,,,44000,,,0.2338961660861969,31.673749923706055,31.678129196166992,3.300110340118408,0.06266666666666668,0.0005
,,,,,44091,98.0,98,,,,,,
,,,,,44188,97.0,97,,,,,,
,,,,,44280,92.0,92,,,,,,
,,,,,44290,10.0,10,,,,,,
,,,,,44385,95.0,95,,,,,,
,,,,,44479,94.0,94,,,,,,
,,,,,44571,92.0,92,,,,,,
,,,,,44684,113.0,113,,,,,,
,,,,,44776,92.0,92,,,,,,
,,,,,44866,90.0,90,,,,,,
,,,,,44960,94.0,94,,,,,,
107.1,27.24133,188.0,92.0,107.1,45000,,,0.083647221326828,34.7120361328125,34.71453094482422,4.449073314666748,0.060000000000000005,0.0005
,,,,,45052,92.0,92,,,,,,
,,,,,45145,93.0,93,,,,,,
,,,,,45239,94.0,94,,,,,,
,,,,,45331,92.0,92,,,,,,
,,,,,45430,99.0,99,,,,,,
,,,,,45527,97.0,97,,,,,,
,,,,,45620,93.0,93,,,,,,
,,,,,45713,93.0,93,,,,,,
,,,,,45816,103.0,103,,,,,,
,,,,,45909,93.0,93,,,,,,
,,,,,46000,,,0.1973046362400055,33.89381408691406,33.94953918457031,8.294536590576172,0.05733333333333334,0.0005
,,,,,46006,97.0,97,,,,,,
,,,,,46104,98.0,98,,,,,,
,,,,,46196,92.0,92,,,,,,
,,,,,46289,93.0,93,,,,,,
,,,,,46388,99.0,99,,,,,,
,,,,,46482,94.0,94,,,,,,
,,,,,46574,92.0,92,,,,,,
,,,,,46669,95.0,95,,,,,,
,,,,,46759,90.0,90,,,,,,
,,,,,46850,91.0,91,,,,,,
,,,,,46940,90.0,90,,,,,,
,,,,,47000,,,0.3395150899887085,33.95486831665039,33.91710662841797,4.934446811676025,0.054666666666666676,0.0005
,,,,,47040,100.0,100,,,,,,
,,,,,47057,17.0,17,,,,,,
,,,,,47152,95.0,95,,,,,,
,,,,,47242,90.0,90,,,,,,
,,,,,47339,97.0,97,,,,,,
,,,,,47435,96.0,96,,,,,,
95.8,2.7856777,100.0,92.0,95.8,47500,,,2.3220694065093994,34.785186767578125,34.675113677978516,49.227272033691406,0.05333333333333334,0.0005
,,,,,47533,98.0,98,,,,,,
,,,,,47626,93.0,93,,,,,,
,,,,,47716,90.0,90,,,,,,
,,,,,47809,93.0,93,,,,,,
,,,,,47902,93.0,93,,,,,,
,,,,,47993,91.0,91,,,,,,
,,,,,48000,,,0.236787348985672,32.71009826660156,32.868839263916016,13.169683456420898,0.052000000000000005,0.0005
,,,,,48087,94.0,94,,,,,,
,,,,,48184,97.0,97,,,,,,
,,,,,48276,92.0,92,,,,,,
,,,,,48371,95.0,95,,,,,,
,,,,,48460,89.0,89,,,,,,
,,,,,48554,94.0,94,,,,,,
,,,,,48647,93.0,93,,,,,,
,,,,,48738,91.0,91,,,,,,
,,,,,48830,92.0,92,,,,,,
,,,,,48922,92.0,92,,,,,,
,,,,,49000,,,0.24738924205303192,36.64698028564453,36.69442367553711,6.530475616455078,0.04933333333333334,0.0005
,,,,,49016,94.0,94,,,,,,
,,,,,49050,34.0,34,,,,,,
,,,,,49145,95.0,95,,,,,,
,,,,,49237,92.0,92,,,,,,
,,,,,49336,99.0,99,,,,,,
,,,,,49427,91.0,91,,,,,,
,,,,,49518,91.0,91,,,,,,
,,,,,49612,94.0,94,,,,,,
,,,,,49704,92.0,92,,,,,,
,,,,,49803,99.0,99,,,,,,
,,,,,49897,94.0,94,,,,,,
,,,,,49991,94.0,94,,,,,,
93.9,1.7,96.0,90.0,93.9,50000,,,3.774745464324951,35.262908935546875,35.22349166870117,73.17228698730469,0.046666666666666676,0.0005
,,,,,50084,93.0,93,,,,,,
,,,,,50180,96.0,96,,,,,,
,,,,,50272,92.0,92,,,,,,
,,,,,50316,44.0,44,,,,,,
,,,,,50416,100.0,100,,,,,,
,,,,,50513,97.0,97,,,,,,
,,,,,50609,96.0,96,,,,,,
,,,,,50703,94.0,94,,,,,,
,,,,,50792,89.0,89,,,,,,
,,,,,50886,94.0,94,,,,,,
,,,,,50978,92.0,92,,,,,,
,,,,,51000,,,0.25312966108322144,37.1820182800293,37.193115234375,14.54990005493164,0.04400000000000001,0.0005
,,,,,51072,94.0,94,,,,,,
,,,,,51170,98.0,98,,,,,,
,,,,,51191,21.0,21,,,,,,
,,,,,51288,97.0,97,,,,,,
,,,,,51386,98.0,98,,,,,,
,,,,,51479,93.0,93,,,,,,
,,,,,51492,13.0,13,,,,,,
,,,,,51586,94.0,94,,,,,,
,,,,,51677,91.0,91,,,,,,
,,,,,51771,94.0,94,,,,,,
,,,,,51865,94.0,94,,,,,,
,,,,,51961,96.0,96,,,,,,
,,,,,52000,,,0.1590067595243454,38.55296325683594,38.600311279296875,12.615431785583496,0.04133333333333334,0.0005
,,,,,52054,93.0,93,,,,,,
,,,,,52146,92.0,92,,,,,,
,,,,,52261,115.0,115,,,,,,
,,,,,52353,92.0,92,,,,,,
,,,,,52447,94.0,94,,,,,,
,,,,,52461,14.0,14,,,,,,
99.4,4.4090815,110.0,94.0,99.4,52500,,,0.18916839361190796,36.4691162109375,36.419395446777344,7.5504069328308105,0.04000000000000001,0.0005
,,,,,52557,96.0,96,,,,,,
,,,,,52646,89.0,89,,,,,,
,,,,,52761,115.0,115,,,,,,
,,,,,52858,97.0,97,,,,,,
,,,,,52952,94.0,94,,,,,,
,,,,,53000,,,2.2619717121124268,36.79795455932617,36.7434196472168,28.59273910522461,0.03866666666666667,0.0005
,,,,,53049,97.0,97,,,,,,
,,,,,53143,94.0,94,,,,,,
,,,,,53234,91.0,91,,,,,,
,,,,,53330,96.0,96,,,,,,
,,,,,53424,94.0,94,,,,,,
,,,,,53515,91.0,91,,,,,,
,,,,,53612,97.0,97,,,,,,
,,,,,53703,91.0,91,,,,,,
,,,,,53797,94.0,94,,,,,,
,,,,,53812,15.0,15,,,,,,
,,,,,53910,98.0,98,,,,,,
,,,,,54000,,,0.8976550698280334,35.292442321777344,35.246795654296875,31.676618576049805,0.036000000000000004,0.0005
,,,,,54008,98.0,98,,,,,,
,,,,,54101,93.0,93,,,,,,
,,,,,54192,91.0,91,,,,,,
,,,,,54286,94.0,94,,,,,,
,,,,,54381,95.0,95,,,,,,
,,,,,54474,93.0,93,,,,,,
,,,,,54489,15.0,15,,,,,,
,,,,,54583,94.0,94,,,,,,
,,,,,54678,95.0,95,,,,,,
,,,,,54693,15.0,15,,,,,,
,,,,,54703,10.0,10,,,,,,
,,,,,54804,101.0,101,,,,,,
,,,,,54900,96.0,96,,,,,,
,,,,,54912,12.0,12,,,,,,
,,,,,55000,88.0,88,,,,,,
93.2,2.2715633,97.0,90.0,93.2,55000,,,0.1337166577577591,38.77022171020508,38.80094909667969,3.7666642665863037,0.03333333333333334,0.0005
,,,,,55092,92.0,92,,,,,,
,,,,,55203,111.0,111,,,,,,
,,,,,55297,94.0,94,,,,,,
,,,,,55393,96.0,96,,,,,,
,,,,,55486,93.0,93,,,,,,
,,,,,55581,95.0,95,,,,,,
,,,,,55692,111.0,111,,,,,,
,,,,,55803,111.0,111,,,,,,
,,,,,55960,157.0,157,,,,,,
,,,,,56000,,,0.3024884760379791,40.007598876953125,40.11004638671875,24.825773239135742,0.03066666666666666,0.0005
,,,,,56078,118.0,118,,,,,,
,,,,,56170,92.0,92,,,,,,
,,,,,56262,92.0,92,,,,,,
,,,,,56357,95.0,95,,,,,,
,,,,,56449,92.0,92,,,,,,
,,,,,56541,92.0,92,,,,,,
,,,,,56637,96.0,96,,,,,,
,,,,,56735,98.0,98,,,,,,
,,,,,56751,16.0,16,,,,,,
,,,,,56844,93.0,93,,,,,,
,,,,,56939,95.0,95,,,,,,
,,,,,57000,,,0.2852308750152588,39.746742248535156,39.68335723876953,19.367782592773438,0.027999999999999997,0.0005
,,,,,57039,100.0,100,,,,,,
,,,,,57135,96.0,96,,,,,,
,,,,,57227,92.0,92,,,,,,
,,,,,57323,96.0,96,,,,,,
,,,,,57416,93.0,93,,,,,,
96.3,1.7916473,99.0,93.0,96.3,57500,,,0.34781208634376526,39.78336715698242,39.707088470458984,11.651939392089844,0.026666666666666672,0.0005
,,,,,57515,99.0,99,,,,,,
,,,,,57608,93.0,93,,,,,,
,,,,,57702,94.0,94,,,,,,
,,,,,57797,95.0,95,,,,,,
,,,,,57890,93.0,93,,,,,,
,,,,,57982,92.0,92,,,,,,
,,,,,57997,15.0,15,,,,,,
,,,,,58000,,,2.6427178382873535,38.204856872558594,38.15310287475586,62.169471740722656,0.025333333333333333,0.0005
,,,,,58092,95.0,95,,,,,,
,,,,,58105,13.0,13,,,,,,
,,,,,58203,98.0,98,,,,,,
,,,,,58298,95.0,95,,,,,,
,,,,,58394,96.0,96,,,,,,
,,,,,58491,97.0,97,,,,,,
,,,,,58585,94.0,94,,,,,,
,,,,,58678,93.0,93,,,,,,
,,,,,58777,99.0,99,,,,,,
,,,,,58874,97.0,97,,,,,,
,,,,,58965,91.0,91,,,,,,
,,,,,59000,,,0.2693820595741272,39.115394592285156,39.175331115722656,4.838106632232666,0.02266666666666667,0.0005
,,,,,59058,93.0,93,,,,,,
,,,,,59152,94.0,94,,,,,,
,,,,,59248,96.0,96,,,,,,
,,,,,59345,97.0,97,,,,,,
,,,,,59437,92.0,92,,,,,,
,,,,,59533,96.0,96,,,,,,
,,,,,59626,93.0,93,,,,,,
,,,,,59720,94.0,94,,,,,,
,,,,,59816,96.0,96,,,,,,
,,,,,59910,94.0,94,,,,,,
94.2,2.1354156,98.0,91.0,94.2,60000,,,0.23074539005756378,39.10331726074219,39.17560958862305,19.420135498046875,0.02,0.0005
,,,,,60001,91.0,91,,,,,,
,,,,,60095,94.0,94,,,,,,
,,,,,60187,92.0,92,,,,,,
,,,,,60285,98.0,98,,,,,,
,,,,,60383,98.0,98,,,,,,
,,,,,60476,93.0,93,,,,,,
,,,,,60569,93.0,93,,,,,,
,,,,,60665,96.0,96,,,,,,
,,,,,60678,13.0,13,,,,,,
,,,,,60772,94.0,94,,,,,,
,,,,,60867,95.0,95,,,,,,
,,,,,60965,98.0,98,,,,,,
,,,,,61000,,,1.7718764543533325,40.776092529296875,40.51032638549805,63.20182418823242,0.02,0.0005
,,,,,61061,96.0,96,,,,,,
,,,,,61156,95.0,95,,,,,,
,,,,,61249,93.0,93,,,,,,
,,,,,61344,95.0,95,,,,,,
,,,,,61438,94.0,94,,,,,,
,,,,,61533,95.0,95,,,,,,
,,,,,61548,15.0,15,,,,,,
,,,,,61643,95.0,95,,,,,,
,,,,,61739,96.0,96,,,,,,
,,,,,61833,94.0,94,,,,,,
,,,,,61927,94.0,94,,,,,,
,,,,,62000,,,0.15028738975524902,42.003814697265625,41.99037170410156,6.308567523956299,0.02,0.0005
,,,,,62020,93.0,93,,,,,,
,,,,,62116,96.0,96,,,,,,
,,,,,62210,94.0,94,,,,,,
,,,,,62309,99.0,99,,,,,,
,,,,,62407,98.0,98,,,,,,
94.8,2.1354158,97.0,91.0,94.8,62500,,,0.3110007345676422,41.43042755126953,41.44092559814453,10.748013496398926,0.02,0.0005
,,,,,62501,94.0,94,,,,,,
,,,,,62594,93.0,93,,,,,,
,,,,,62688,94.0,94,,,,,,
,,,,,62720,32.0,32,,,,,,
,,,,,62814,94.0,94,,,,,,
,,,,,62912,98.0,98,,,,,,
,,,,,63000,,,4.489346981048584,39.29011917114258,38.97773742675781,131.93252563476562,0.02,0.0005
,,,,,63008,96.0,96,,,,,,
,,,,,63100,92.0,92,,,,,,
,,,,,63193,93.0,93,,,,,,
,,,,,63291,98.0,98,,,,,,
,,,,,63390,99.0,99,,,,,,
,,,,,63484,94.0,94,,,,,,
,,,,,63578,94.0,94,,,,,,
,,,,,63676,98.0,98,,,,,,
,,,,,63773,97.0,97,,,,,,
,,,,,63866,93.0,93,,,,,,
,,,,,63962,96.0,96,,,,,,
,,,,,64000,,,0.23753035068511963,40.4052734375,40.39282989501953,11.5919189453125,0.02,0.0005
,,,,,64058,96.0,96,,,,,,
,,,,,64155,97.0,97,,,,,,
,,,,,64249,94.0,94,,,,,,
,,,,,64345,96.0,96,,,,,,
,,,,,64438,93.0,93,,,,,,
,,,,,64531,93.0,93,,,,,,
,,,,,64628,97.0,97,,,,,,
,,,,,64722,94.0,94,,,,,,
,,,,,64820,98.0,98,,,,,,
,,,,,64915,95.0,95,,,,,,
98.3,2.368544,101.0,93.0,98.3,65000,,,0.2939193844795227,41.314208984375,41.36832809448242,8.962574005126953,0.02,0.0005
,,,,,65008,93.0,93,,,,,,
,,,,,65103,95.0,95,,,,,,
,,,,,65200,97.0,97,,,,,,
,,,,,65294,94.0,94,,,,,,
,,,,,65394,100.0,100,,,,,,
,,,,,65490,96.0,96,,,,,,
,,,,,65586,96.0,96,,,,,,
,,,,,65681,95.0,95,,,,,,
,,,,,65776,95.0,95,,,,,,
,,,,,65870,94.0,94,,,,,,
,,,,,65964,94.0,94,,,,,,
,,,,,66000,,,0.2410305142402649,39.06239318847656,39.13105010986328,6.928222179412842,0.02,0.0005
,,,,,66059,95.0,95,,,,,,
,,,,,66154,95.0,95,,,,,,
,,,,,66251,97.0,97,,,,,,
,,,,,66348,97.0,97,,,,,,
,,,,,66444,96.0,96,,,,,,
,,,,,66544,100.0,100,,,,,,
,,,,,66643,99.0,99,,,,,,
,,,,,66737,94.0,94,,,,,,
,,,,,66836,99.0,99,,,,,,
,,,,,66938,102.0,102,,,,,,
,,,,,67000,,,2.5870022773742676,43.26349639892578,43.16533660888672,55.956607818603516,0.02,0.0005
,,,,,67034,96.0,96,,,,,,
,,,,,67132,98.0,98,,,,,,
,,,,,67230,98.0,98,,,,,,
,,,,,67326,96.0,96,,,,,,
,,,,,67421,95.0,95,,,,,,
98.5,1.3601471,100.0,96.0,98.5,67500,,,0.5998261570930481,42.0742073059082,42.28461456298828,41.34538650512695,0.02,0.0005
,,,,,67522,101.0,101,,,,,,
,,,,,67620,98.0,98,,,,,,
,,,,,67718,98.0,98,,,,,,
,,,,,67815,97.0,97,,,,,,
,,,,,67911,96.0,96,,,,,,
,,,,,68000,,,0.11035596579313278,42.54838180541992,42.51921081542969,5.945072174072266,0.02,0.0005
,,,,,68004,93.0,93,,,,,,
,,,,,68100,96.0,96,,,,,,
,,,,,68197,97.0,97,,,,,,
,,,,,68295,98.0,98,,,,,,
,,,,,68392,97.0,97,,,,,,
,,,,,68405,13.0,13,,,,,,
,,,,,68499,94.0,94,,,,,,
,,,,,68597,98.0,98,,,,,,
,,,,,68696,99.0,99,,,,,,
,,,,,68793,97.0,97,,,,,,
,,,,,68891,98.0,98,,,,,,
,,,,,68990,99.0,99,,,,,,
,,,,,69000,,,0.39506950974464417,43.667259216308594,43.57420349121094,10.042752265930176,0.02,0.0005
,,,,,69089,99.0,99,,,,,,
,,,,,69188,99.0,99,,,,,,
,,,,,69200,12.0,12,,,,,,
,,,,,69293,93.0,93,,,,,,
,,,,,69411,118.0,118,,,,,,
,,,,,69510,99.0,99,,,,,,
,,,,,69606,96.0,96,,,,,,
,,,,,69702,96.0,96,,,,,,
,,,,,69798,96.0,96,,,,,,
,,,,,69895,97.0,97,,,,,,
,,,,,69994,99.0,99,,,,,,
95.9,2.2113345,99.0,91.0,95.9,70000,,,0.39417022466659546,40.928985595703125,41.01428985595703,20.210723876953125,0.02,0.0005
,,,,,70090,96.0,96,,,,,,
,,,,,70190,100.0,100,,,,,,
,,,,,70286,96.0,96,,,,,,
,,,,,70383,97.0,97,,,,,,
,,,,,70483,100.0,100,,,,,,
,,,,,70506,23.0,23,,,,,,
,,,,,70519,13.0,13,,,,,,
,,,,,70618,99.0,99,,,,,,
,,,,,70717,99.0,99,,,,,,
,,,,,70820,103.0,103,,,,,,
,,,,,70916,96.0,96,,,,,,
,,,,,71000,,,0.695048987865448,42.4195556640625,42.38036346435547,32.754669189453125,0.02,0.0005
,,,,,71016,100.0,100,,,,,,
,,,,,71113,97.0,97,,,,,,
,,,,,71208,95.0,95,,,,,,
,,,,,71308,100.0,100,,,,,,
,,,,,71406,98.0,98,,,,,,
,,,,,71503,97.0,97,,,,,,
,,,,,71602,99.0,99,,,,,,
,,,,,71617,15.0,15,,,,,,
,,,,,71720,103.0,103,,,,,,
,,,,,71823,103.0,103,,,,,,
,,,,,71929,106.0,106,,,,,,
,,,,,72000,,,0.4710870683193207,45.952796936035156,46.033103942871094,11.146781921386719,0.02,0.0005
,,,,,72032,103.0,103,,,,,,
,,,,,72135,103.0,103,,,,,,
,,,,,72238,103.0,103,,,,,,
,,,,,72340,102.0,102,,,,,,
,,,,,72439,99.0,99,,,,,,
100.9,1.8138356,104.0,99.0,100.9,72500,,,0.19344130158424377,46.73253631591797,46.600730895996094,6.441494941711426,0.02,0.0005
,,,,,72559,120.0,120,,,,,,
,,,,,72671,112.0,112,,,,,,
,,,,,72771,100.0,100,,,,,,
,,,,,72874,103.0,103,,,,,,
,,,,,72977,103.0,103,,,,,,
,,,,,73000,,,0.08255138993263245,44.97907638549805,44.96355438232422,2.287353277206421,0.02,0.0005
,,,,,73079,102.0,102,,,,,,
,,,,,73181,102.0,102,,,,,,
,,,,,73278,97.0,97,,,,,,
,,,,,73381,103.0,103,,,,,,
,,,,,73479,98.0,98,,,,,,
,,,,,73577,98.0,98,,,,,,
,,,,,73683,106.0,106,,,,,,
,,,,,73781,98.0,98,,,,,,
,,,,,73881,100.0,100,,,,,,
,,,,,73982,101.0,101,,,,,,
,,,,,74000,,,0.2987299859523773,43.87696838378906,43.809539794921875,20.559736251831055,0.02,0.0005
,,,,,74080,98.0,98,,,,,,
,,,,,74179,99.0,99,,,,,,
,,,,,74274,95.0,95,,,,,,
,,,,,74371,97.0,97,,,,,,
,,,,,74468,97.0,97,,,,,,
,,,,,74565,97.0,97,,,,,,
,,,,,74663,98.0,98,,,,,,
,,,,,74762,99.0,99,,,,,,
,,,,,74890,128.0,128,,,,,,
,,,,,74992,102.0,102,,,,,,
102.3,1.6763055,106.0,100.0,102.3,75000,,,3.8277688026428223,43.145572662353516,42.92564392089844,90.01974487304688,0.02,0.0005
,,,,,75004,12.0,12,,,,,,
,,,,,75116,112.0,112,,,,,,
,,,,,75214,98.0,98,,,,,,
,,,,,75324,110.0,110,,,,,,
,,,,,75436,112.0,112,,,,,,
,,,,,75539,103.0,103,,,,,,
,,,,,75640,101.0,101,,,,,,
,,,,,75739,99.0,99,,,,,,
,,,,,75842,103.0,103,,,,,,
,,,,,75945,103.0,103,,,,,,
,,,,,76000,,,0.8024117350578308,46.72246551513672,46.71559143066406,45.16872787475586,0.02,0.0005
,,,,,76043,98.0,98,,,,,,
,,,,,76141,98.0,98,,,,,,
,,,,,76241,100.0,100,,,,,,
,,,,,76342,101.0,101,,,,,,
,,,,,76443,101.0,101,,,,,,
,,,,,76542,99.0,99,,,,,,
,,,,,76643,101.0,101,,,,,,
,,,,,76654,11.0,11,,,,,,
,,,,,76756,102.0,102,,,,,,
,,,,,76859,103.0,103,,,,,,
,,,,,76961,102.0,102,,,,,,
,,,,,77000,,,0.7690237164497375,45.093727111816406,45.22074508666992,40.6472282409668,0.02,0.0005
,,,,,77062,101.0,101,,,,,,
,,,,,77164,102.0,102,,,,,,
,,,,,77265,101.0,101,,,,,,
,,,,,77365,100.0,100,,,,,,
,,,,,77467,102.0,102,,,,,,
101.7,1.5524175,104.0,100.0,101.7,77500,,,1.7827510833740234,45.29169464111328,45.38768005371094,59.59366989135742,0.02,0.0005
,,,,,77568,101.0,101,,,,,,
,,,,,77671,103.0,103,,,,,,
,,,,,77771,100.0,100,,,,,,
,,,,,77879,108.0,108,,,,,,
,,,,,77981,102.0,102,,,,,,
,,,,,78000,,,0.12457531690597534,44.88827896118164,44.81265640258789,5.649755954742432,0.02,0.0005
,,,,,78082,101.0,101,,,,,,
,,,,,78220,138.0,138,,,,,,
,,,,,78325,105.0,105,,,,,,
,,,,,78345,20.0,20,,,,,,
,,,,,78443,98.0,98,,,,,,
,,,,,78542,99.0,99,,,,,,
,,,,,78648,106.0,106,,,,,,
,,,,,78752,104.0,104,,,,,,
,,,,,78856,104.0,104,,,,,,
,,,,,78956,100.0,100,,,,,,
,,,,,79000,,,0.6649731397628784,44.986148834228516,45.020477294921875,14.95711612701416,0.02,0.0005
,,,,,79056,100.0,100,,,,,,
,,,,,79160,104.0,104,,,,,,
,,,,,79261,101.0,101,,,,,,
,,,,,79366,105.0,105,,,,,,
,,,,,79517,151.0,151,,,,,,
,,,,,79618,101.0,101,,,,,,
,,,,,79735,117.0,117,,,,,,
,,,,,79848,113.0,113,,,,,,
,,,,,79953,105.0,105,,,,,,
209.5,3.1384711,214.0,205.0,209.5,80000,,,1.5343255996704102,46.11079788208008,46.151390075683594,64.87566375732422,0.02,0.0005
,,,,,80053,100.0,100,,,,,,
,,,,,80168,115.0,115,,,,,,
,,,,,80293,125.0,125,,,,,,
,,,,,80394,101.0,101,,,,,,
,,,,,80494,100.0,100,,,,,,
,,,,,80641,147.0,147,,,,,,
,,,,,80746,105.0,105,,,,,,
,,,,,80848,102.0,102,,,,,,
,,,,,80952,104.0,104,,,,,,
,,,,,81000,,,2.5595600605010986,45.3854866027832,45.66012954711914,71.25811767578125,0.02,0.0005
,,,,,81059,107.0,107,,,,,,
,,,,,81165,106.0,106,,,,,,
,,,,,81271,106.0,106,,,,,,
,,,,,81389,118.0,118,,,,,,
,,,,,81495,106.0,106,,,,,,
,,,,,81597,102.0,102,,,,,,
,,,,,81705,108.0,108,,,,,,
,,,,,81811,106.0,106,,,,,,
,,,,,81916,105.0,105,,,,,,
,,,,,82000,,,0.2814439833164215,45.04408264160156,45.16609191894531,12.660697937011719,0.02,0.0005
,,,,,82036,120.0,120,,,,,,
,,,,,82141,105.0,105,,,,,,
,,,,,82248,107.0,107,,,,,,
,,,,,82355,107.0,107,,,,,,
107.4,2.1071308,112.0,104.0,107.4,82500,,,0.22613582015037537,44.55340576171875,44.699310302734375,5.429479598999023,0.02,0.0005
,,,,,82511,156.0,156,,,,,,
,,,,,82645,134.0,134,,,,,,
,,,,,82746,101.0,101,,,,,,
,,,,,82876,130.0,130,,,,,,
,,,,,83000,,,1.9982895851135254,47.28063201904297,47.268348693847656,64.10132598876953,0.02,0.0005
,,,,,83008,132.0,132,,,,,,
,,,,,83111,103.0,103,,,,,,
,,,,,83220,109.0,109,,,,,,
,,,,,83326,106.0,106,,,,,,
,,,,,83448,122.0,122,,,,,,
,,,,,83556,108.0,108,,,,,,
,,,,,83664,108.0,108,,,,,,
,,,,,83769,105.0,105,,,,,,
,,,,,83880,111.0,111,,,,,,
,,,,,83988,108.0,108,,,,,,
,,,,,84000,,,0.282230943441391,47.77201461791992,47.770965576171875,5.716311931610107,0.02,0.0005
,,,,,84093,105.0,105,,,,,,
,,,,,84211,118.0,118,,,,,,
,,,,,84324,113.0,113,,,,,,
,,,,,84442,118.0,118,,,,,,
,,,,,84561,119.0,119,,,,,,
,,,,,84671,110.0,110,,,,,,
,,,,,84794,123.0,123,,,,,,
,,,,,84926,132.0,132,,,,,,
141.8,5.0950956,148.0,136.0,141.8,85000,,,0.15095463395118713,48.21179962158203,48.289161682128906,16.90888023376465,0.02,0.0005
,,,,,85036,110.0,110,,,,,,
,,,,,85149,113.0,113,,,,,,
,,,,,85261,112.0,112,,,,,,
,,,,,85372,111.0,111,,,,,,
,,,,,85492,120.0,120,,,,,,
,,,,,85607,115.0,115,,,,,,
,,,,,85713,106.0,106,,,,,,
,,,,,85826,113.0,113,,,,,,
,,,,,85934,108.0,108,,,,,,
,,,,,86000,,,0.44163572788238525,47.66938400268555,47.759788513183594,39.89430236816406,0.02,0.0005
,,,,,86049,115.0,115,,,,,,
,,,,,86161,112.0,112,,,,,,
,,,,,86278,117.0,117,,,,,,
,,,,,86391,113.0,113,,,,,,
,,,,,86508,117.0,117,,,,,,
,,,,,86677,169.0,169,,,,,,
,,,,,86826,149.0,149,,,,,,
,,,,,86943,117.0,117,,,,,,
,,,,,87000,,,0.114787757396698,47.14120101928711,47.216636657714844,13.821417808532715,0.02,0.0005
,,,,,87087,144.0,144,,,,,,
,,,,,87215,128.0,128,,,,,,
,,,,,87341,126.0,126,,,,,,
,,,,,87464,123.0,123,,,,,,
125.0,4.1952353,136.0,121.0,125.0,87500,,,0.6167124509811401,48.253177642822266,48.308982849121094,30.475282669067383,0.02,0.0005
,,,,,87964,500.0,500,,,,,,
,,,,,88000,,,0.16040658950805664,46.6453742980957,46.6250114440918,6.300366401672363,0.02,0.0005
,,,,,88086,122.0,122,,,,,,
,,,,,88228,142.0,142,,,,,,
,,,,,88354,126.0,126,,,,,,
,,,,,88477,123.0,123,,,,,,
,,,,,88597,120.0,120,,,,,,
,,,,,88753,156.0,156,,,,,,
,,,,,88872,119.0,119,,,,,,
,,,,,88997,125.0,125,,,,,,
,,,,,89000,,,0.10440582782030106,44.95641326904297,44.99113082885742,7.799203872680664,0.02,0.0005
,,,,,89111,114.0,114,,,,,,
,,,,,89233,122.0,122,,,,,,
,,,,,89357,124.0,124,,,,,,
,,,,,89492,135.0,135,,,,,,
,,,,,89631,139.0,139,,,,,,
,,,,,89757,126.0,126,,,,,,
,,,,,89887,130.0,130,,,,,,
120.9,2.0712316,126.0,118.0,120.9,90000,,,7.786021709442139,47.859466552734375,47.63116455078125,145.56277465820312,0.02,0.0005
,,,,,90015,128.0,128,,,,,,
,,,,,90211,196.0,196,,,,,,
,,,,,90711,500.0,500,,,,,,
,,,,,90864,153.0,153,,,,,,
,,,,,91000,,,0.1375643014907837,50.83993148803711,50.861122131347656,3.0985615253448486,0.02,0.0005
,,,,,91039,175.0,175,,,,,,
,,,,,91539,500.0,500,,,,,,
,,,,,91744,205.0,205,,,,,,
,,,,,92000,,,0.15021736919879913,44.667503356933594,44.6102409362793,3.619802236557007,0.02,0.0005
,,,,,92244,500.0,500,,,,,,
224.3,21.986588,260.0,195.0,224.3,92500,,,0.2556333541870117,47.49895477294922,47.546302795410156,31.898239135742188,0.02,0.0005
,,,,,92744,500.0,500,,,,,,
,,,,,93000,,,1.0795820951461792,46.53241729736328,46.39757537841797,52.319576263427734,0.02,0.0005
,,,,,93244,500.0,500,,,,,,
,,,,,93744,500.0,500,,,,,,
,,,,,94000,,,1.3784568309783936,46.585994720458984,46.6109619140625,65.48246002197266,0.02,0.0005
,,,,,94244,500.0,500,,,,,,
,,,,,94744,500.0,500,,,,,,
500.0,0.0,500.0,500.0,500.0,95000,,,0.36286598443984985,45.42092514038086,45.481998443603516,17.28478240966797,0.02,0.0005
,,,,,95244,500.0,500,,,,,,
,,,,,95744,500.0,500,,,,,,
,,,,,95885,141.0,141,,,,,,
,,,,,96000,,,0.45319196581840515,49.304161071777344,49.28172302246094,53.77554702758789,0.02,0.0005
,,,,,96385,500.0,500,,,,,,
,,,,,96885,500.0,500,,,,,,
,,,,,97000,,,0.33777546882629395,46.02606964111328,46.00177764892578,12.623005867004395,0.02,0.0005
,,,,,97385,500.0,500,,,,,,
216.7,141.73923,500.0,132.0,216.7,97500,,,0.15847182273864746,46.71585464477539,46.70290756225586,10.371260643005371,0.02,0.0005
,,,,,97885,500.0,500,,,,,,
,,,,,98000,,,0.1114857941865921,49.78011703491211,49.864627838134766,7.481225490570068,0.02,0.0005
,,,,,98385,500.0,500,,,,,,
,,,,,98885,500.0,500,,,,,,
,,,,,99000,,,0.46548429131507874,49.06109619140625,49.02227020263672,12.31706714630127,0.02,0.0005
,,,,,99385,500.0,500,,,,,,
,,,,,99885,500.0,500,,,,,,
