Eval_AverageReturn,Eval_StdReturn,Eval_MaxReturn,Eval_MinReturn,Eval_AverageEpLen,step,Train_EpisodeReturn,Train_EpisodeLen,actor_loss,entropy,critic_loss,q_values,target_values,actor_lr,critic_lr,temperature
5.4,2.0099752,10.0,3.0,5.4,0,,,,,,,,,,
,,,,,4,5.0,5,,,,,,,,
,,,,,11,7.0,7,,,,,,,,
,,,,,15,4.0,4,,,,,,,,
,,,,,23,8.0,8,,,,,,,,
,,,,,27,4.0,4,,,,,,,,
,,,,,30,3.0,3,,,,,,,,
,,,,,33,3.0,3,,,,,,,,
,,,,,38,5.0,5,,,,,,,,
,,,,,42,4.0,4,,,,,,,,
,,,,,48,6.0,6,,,,,,,,
,,,,,52,4.0,4,,,,,,,,
,,,,,55,3.0,3,,,,,,,,
,,,,,59,4.0,4,,,,,,,,
,,,,,62,3.0,3,,,,,,,,
,,,,,71,9.0,9,,,,,,,,
,,,,,75,4.0,4,,,,,,,,
,,,,,80,5.0,5,,,,,,,,
,,,,,87,7.0,7,,,,,,,,
,,,,,91,4.0,4,,,,,,,,
,,,,,97,6.0,6,,,,,,,,
,,,,,105,8.0,8,,,,,,,,
,,,,,112,7.0,7,,,,,,,,
,,,,,117,5.0,5,,,,,,,,
,,,,,120,3.0,3,,,,,,,,
,,,,,135,15.0,15,,,,,,,,
,,,,,142,7.0,7,,,,,,,,
,,,,,146,4.0,4,,,,,,,,
,,,,,150,4.0,4,,,,,,,,
,,,,,153,3.0,3,,,,,,,,
,,,,,158,5.0,5,,,,,,,,
,,,,,164,6.0,6,,,,,,,,
,,,,,175,11.0,11,,,,,,,,
,,,,,178,3.0,3,,,,,,,,
,,,,,184,6.0,6,,,,,,,,
,,,,,193,9.0,9,,,,,,,,
,,,,,197,4.0,4,,,,,,,,
,,,,,202,5.0,5,,,,,,,,
,,,,,205,3.0,3,,,,,,,,
,,,,,218,13.0,13,,,,,,,,
,,,,,223,5.0,5,,,,,,,,
,,,,,231,8.0,8,,,,,,,,
,,,,,243,12.0,12,,,,,,,,
,,,,,247,4.0,4,,,,,,,,
,,,,,252,5.0,5,,,,,,,,
,,,,,256,4.0,4,,,,,,,,
,,,,,266,10.0,10,,,,,,,,
,,,,,270,4.0,4,,,,,,,,
,,,,,274,4.0,4,,,,,,,,
,,,,,277,3.0,3,,,,,,,,
,,,,,281,4.0,4,,,,,,,,
,,,,,287,6.0,6,,,,,,,,
,,,,,291,4.0,4,,,,,,,,
,,,,,296,5.0,5,,,,,,,,
,,,,,299,3.0,3,,,,,,,,
,,,,,302,3.0,3,,,,,,,,
,,,,,305,3.0,3,,,,,,,,
,,,,,313,8.0,8,,,,,,,,
,,,,,320,7.0,7,,,,,,,,
,,,,,324,4.0,4,,,,,,,,
,,,,,327,3.0,3,,,,,,,,
,,,,,331,4.0,4,,,,,,,,
,,,,,335,4.0,4,,,,,,,,
,,,,,338,3.0,3,,,,,,,,
,,,,,343,5.0,5,,,,,,,,
,,,,,348,5.0,5,,,,,,,,
,,,,,351,3.0,3,,,,,,,,
,,,,,354,3.0,3,,,,,,,,
,,,,,359,5.0,5,,,,,,,,
,,,,,362,3.0,3,,,,,,,,
,,,,,372,10.0,10,,,,,,,,
,,,,,378,6.0,6,,,,,,,,
,,,,,383,5.0,5,,,,,,,,
,,,,,387,4.0,4,,,,,,,,
,,,,,390,3.0,3,,,,,,,,
,,,,,396,6.0,6,,,,,,,,
,,,,,399,3.0,3,,,,,,,,
,,,,,404,5.0,5,,,,,,,,
,,,,,408,4.0,4,,,,,,,,
,,,,,413,5.0,5,,,,,,,,
,,,,,416,3.0,3,,,,,,,,
,,,,,420,4.0,4,,,,,,,,
,,,,,423,3.0,3,,,,,,,,
,,,,,429,6.0,6,,,,,,,,
,,,,,434,5.0,5,,,,,,,,
,,,,,445,11.0,11,,,,,,,,
,,,,,451,6.0,6,,,,,,,,
,,,,,455,4.0,4,,,,,,,,
,,,,,468,13.0,13,,,,,,,,
,,,,,476,8.0,8,,,,,,,,
,,,,,481,5.0,5,,,,,,,,
,,,,,484,3.0,3,,,,,,,,
,,,,,489,5.0,5,,,,,,,,
,,,,,494,5.0,5,,,,,,,,
,,,,,500,6.0,6,,,,,,,,
,,,,,506,6.0,6,,,,,,,,
,,,,,509,3.0,3,,,,,,,,
,,,,,513,4.0,4,,,,,,,,
,,,,,523,10.0,10,,,,,,,,
,,,,,531,8.0,8,,,,,,,,
,,,,,541,10.0,10,,,,,,,,
,,,,,545,4.0,4,,,,,,,,
,,,,,549,4.0,4,,,,,,,,
,,,,,552,3.0,3,,,,,,,,
,,,,,560,8.0,8,,,,,,,,
,,,,,565,5.0,5,,,,,,,,
,,,,,572,7.0,7,,,,,,,,
,,,,,583,11.0,11,,,,,,,,
,,,,,586,3.0,3,,,,,,,,
,,,,,595,9.0,9,,,,,,,,
,,,,,605,10.0,10,,,,,,,,
,,,,,610,5.0,5,,,,,,,,
,,,,,615,5.0,5,,,,,,,,
,,,,,619,4.0,4,,,,,,,,
,,,,,623,4.0,4,,,,,,,,
,,,,,627,4.0,4,,,,,,,,
,,,,,630,3.0,3,,,,,,,,
,,,,,638,8.0,8,,,,,,,,
,,,,,643,5.0,5,,,,,,,,
,,,,,651,8.0,8,,,,,,,,
,,,,,663,12.0,12,,,,,,,,
,,,,,670,7.0,7,,,,,,,,
,,,,,676,6.0,6,,,,,,,,
,,,,,687,11.0,11,,,,,,,,
,,,,,694,7.0,7,,,,,,,,
,,,,,700,6.0,6,,,,,,,,
,,,,,708,8.0,8,,,,,,,,
,,,,,712,4.0,4,,,,,,,,
,,,,,731,19.0,19,,,,,,,,
,,,,,735,4.0,4,,,,,,,,
,,,,,742,7.0,7,,,,,,,,
,,,,,750,8.0,8,,,,,,,,
,,,,,755,5.0,5,,,,,,,,
,,,,,758,3.0,3,,,,,,,,
,,,,,769,11.0,11,,,,,,,,
,,,,,780,11.0,11,,,,,,,,
,,,,,789,9.0,9,,,,,,,,
,,,,,793,4.0,4,,,,,,,,
,,,,,799,6.0,6,,,,,,,,
,,,,,802,3.0,3,,,,,,,,
,,,,,810,8.0,8,,,,,,,,
,,,,,819,9.0,9,,,,,,,,
,,,,,823,4.0,4,,,,,,,,
,,,,,826,3.0,3,,,,,,,,
,,,,,835,9.0,9,,,,,,,,
,,,,,839,4.0,4,,,,,,,,
,,,,,847,8.0,8,,,,,,,,
,,,,,850,3.0,3,,,,,,,,
,,,,,855,5.0,5,,,,,,,,
,,,,,873,18.0,18,,,,,,,,
,,,,,877,4.0,4,,,,,,,,
,,,,,880,3.0,3,,,,,,,,
,,,,,891,11.0,11,,,,,,,,
,,,,,903,12.0,12,,,,,,,,
,,,,,906,3.0,3,,,,,,,,
,,,,,913,7.0,7,,,,,,,,
,,,,,917,4.0,4,,,,,,,,
,,,,,921,4.0,4,,,,,,,,
,,,,,925,4.0,4,,,,,,,,
,,,,,932,7.0,7,,,,,,,,
,,,,,936,4.0,4,,,,,,,,
,,,,,946,10.0,10,,,,,,,,
,,,,,960,14.0,14,,,,,,,,
,,,,,964,4.0,4,,,,,,,,
,,,,,969,5.0,5,,,,,,,,
,,,,,972,3.0,3,,,,,,,,
,,,,,994,22.0,22,,,,,,,,
,,,,,998,4.0,4,,,,,,,,
,,,,,1002,4.0,4,,,,,,,,
,,,,,1013,11.0,11,,,,,,,,
,,,,,1017,4.0,4,,,,,,,,
,,,,,1022,5.0,5,,,,,,,,
,,,,,1028,6.0,6,,,,,,,,
,,,,,1040,12.0,12,,,,,,,,
,,,,,1045,5.0,5,,,,,,,,
,,,,,1048,3.0,3,,,,,,,,
,,,,,1053,5.0,5,,,,,,,,
,,,,,1057,4.0,4,,,,,,,,
,,,,,1089,32.0,32,,,,,,,,
,,,,,1098,9.0,9,,,,,,,,
,,,,,1103,5.0,5,,,,,,,,
,,,,,1108,5.0,5,,,,,,,,
,,,,,1111,3.0,3,,,,,,,,
,,,,,1127,16.0,16,,,,,,,,
,,,,,1132,5.0,5,,,,,,,,
,,,,,1136,4.0,4,,,,,,,,
,,,,,1141,5.0,5,,,,,,,,
,,,,,1146,5.0,5,,,,,,,,
,,,,,1155,9.0,9,,,,,,,,
,,,,,1163,8.0,8,,,,,,,,
,,,,,1174,11.0,11,,,,,,,,
,,,,,1182,8.0,8,,,,,,,,
,,,,,1187,5.0,5,,,,,,,,
,,,,,1204,17.0,17,,,,,,,,
,,,,,1208,4.0,4,,,,,,,,
,,,,,1220,12.0,12,,,,,,,,
,,,,,1223,3.0,3,,,,,,,,
,,,,,1228,5.0,5,,,,,,,,
,,,,,1232,4.0,4,,,,,,,,
,,,,,1237,5.0,5,,,,,,,,
,,,,,1245,8.0,8,,,,,,,,
,,,,,1248,3.0,3,,,,,,,,
,,,,,1251,3.0,3,,,,,,,,
,,,,,1263,12.0,12,,,,,,,,
,,,,,1268,5.0,5,,,,,,,,
,,,,,1272,4.0,4,,,,,,,,
,,,,,1277,5.0,5,,,,,,,,
,,,,,1287,10.0,10,,,,,,,,
,,,,,1290,3.0,3,,,,,,,,
,,,,,1297,7.0,7,,,,,,,,
,,,,,1302,5.0,5,,,,,,,,
,,,,,1305,3.0,3,,,,,,,,
,,,,,1323,18.0,18,,,,,,,,
,,,,,1329,6.0,6,,,,,,,,
,,,,,1342,13.0,13,,,,,,,,
,,,,,1354,12.0,12,,,,,,,,
,,,,,1362,8.0,8,,,,,,,,
,,,,,1365,3.0,3,,,,,,,,
,,,,,1380,15.0,15,,,,,,,,
,,,,,1385,5.0,5,,,,,,,,
,,,,,1395,10.0,10,,,,,,,,
,,,,,1401,6.0,6,,,,,,,,
,,,,,1420,19.0,19,,,,,,,,
,,,,,1424,4.0,4,,,,,,,,
,,,,,1430,6.0,6,,,,,,,,
,,,,,1435,5.0,5,,,,,,,,
,,,,,1440,5.0,5,,,,,,,,
,,,,,1450,10.0,10,,,,,,,,
,,,,,1459,9.0,9,,,,,,,,
,,,,,1462,3.0,3,,,,,,,,
,,,,,1478,16.0,16,,,,,,,,
,,,,,1488,10.0,10,,,,,,,,
,,,,,1492,4.0,4,,,,,,,,
,,,,,1500,8.0,8,,,,,,,,
,,,,,1513,13.0,13,,,,,,,,
,,,,,1518,5.0,5,,,,,,,,
,,,,,1521,3.0,3,,,,,,,,
,,,,,1526,5.0,5,,,,,,,,
,,,,,1540,14.0,14,,,,,,,,
,,,,,1544,4.0,4,,,,,,,,
,,,,,1547,3.0,3,,,,,,,,
,,,,,1551,4.0,4,,,,,,,,
,,,,,1555,4.0,4,,,,,,,,
,,,,,1561,6.0,6,,,,,,,,
,,,,,1564,3.0,3,,,,,,,,
,,,,,1569,5.0,5,,,,,,,,
,,,,,1575,6.0,6,,,,,,,,
,,,,,1579,4.0,4,,,,,,,,
,,,,,1583,4.0,4,,,,,,,,
,,,,,1590,7.0,7,,,,,,,,
,,,,,1596,6.0,6,,,,,,,,
,,,,,1602,6.0,6,,,,,,,,
,,,,,1610,8.0,8,,,,,,,,
,,,,,1616,6.0,6,,,,,,,,
,,,,,1621,5.0,5,,,,,,,,
,,,,,1632,11.0,11,,,,,,,,
,,,,,1636,4.0,4,,,,,,,,
,,,,,1643,7.0,7,,,,,,,,
,,,,,1647,4.0,4,,,,,,,,
,,,,,1654,7.0,7,,,,,,,,
,,,,,1661,7.0,7,,,,,,,,
,,,,,1664,3.0,3,,,,,,,,
,,,,,1674,10.0,10,,,,,,,,
,,,,,1682,8.0,8,,,,,,,,
,,,,,1696,14.0,14,,,,,,,,
,,,,,1704,8.0,8,,,,,,,,
,,,,,1709,5.0,5,,,,,,,,
,,,,,1714,5.0,5,,,,,,,,
,,,,,1724,10.0,10,,,,,,,,
,,,,,1731,7.0,7,,,,,,,,
,,,,,1737,6.0,6,,,,,,,,
,,,,,1741,4.0,4,,,,,,,,
,,,,,1745,4.0,4,,,,,,,,
,,,,,1751,6.0,6,,,,,,,,
,,,,,1757,6.0,6,,,,,,,,
,,,,,1775,18.0,18,,,,,,,,
,,,,,1780,5.0,5,,,,,,,,
,,,,,1786,6.0,6,,,,,,,,
,,,,,1790,4.0,4,,,,,,,,
,,,,,1793,3.0,3,,,,,,,,
,,,,,1802,9.0,9,,,,,,,,
,,,,,1805,3.0,3,,,,,,,,
,,,,,1808,3.0,3,,,,,,,,
,,,,,1818,10.0,10,,,,,,,,
,,,,,1824,6.0,6,,,,,,,,
,,,,,1831,7.0,7,,,,,,,,
,,,,,1835,4.0,4,,,,,,,,
,,,,,1838,3.0,3,,,,,,,,
,,,,,1848,10.0,10,,,,,,,,
,,,,,1855,7.0,7,,,,,,,,
,,,,,1862,7.0,7,,,,,,,,
,,,,,1867,5.0,5,,,,,,,,
,,,,,1872,5.0,5,,,,,,,,
,,,,,1881,9.0,9,,,,,,,,
,,,,,1886,5.0,5,,,,,,,,
,,,,,1901,15.0,15,,,,,,,,
,,,,,1908,7.0,7,,,,,,,,
,,,,,1914,6.0,6,,,,,,,,
,,,,,1917,3.0,3,,,,,,,,
,,,,,1922,5.0,5,,,,,,,,
,,,,,1925,3.0,3,,,,,,,,
,,,,,1933,8.0,8,,,,,,,,
,,,,,1941,8.0,8,,,,,,,,
,,,,,1944,3.0,3,,,,,,,,
,,,,,1948,4.0,4,,,,,,,,
,,,,,1953,5.0,5,,,,,,,,
,,,,,1962,9.0,9,,,,,,,,
,,,,,1978,16.0,16,,,,,,,,
,,,,,1981,3.0,3,,,,,,,,
,,,,,2004,23.0,23,,,,,,,,
,,,,,2011,7.0,7,,,,,,,,
,,,,,2028,17.0,17,,,,,,,,
,,,,,2033,5.0,5,,,,,,,,
,,,,,2044,11.0,11,,,,,,,,
,,,,,2055,11.0,11,,,,,,,,
,,,,,2058,3.0,3,,,,,,,,
,,,,,2062,4.0,4,,,,,,,,
,,,,,2067,5.0,5,,,,,,,,
,,,,,2075,8.0,8,,,,,,,,
,,,,,2079,4.0,4,,,,,,,,
,,,,,2083,4.0,4,,,,,,,,
,,,,,2087,4.0,4,,,,,,,,
,,,,,2095,8.0,8,,,,,,,,
,,,,,2102,7.0,7,,,,,,,,
,,,,,2107,5.0,5,,,,,,,,
,,,,,2114,7.0,7,,,,,,,,
,,,,,2120,6.0,6,,,,,,,,
,,,,,2126,6.0,6,,,,,,,,
,,,,,2132,6.0,6,,,,,,,,
,,,,,2141,9.0,9,,,,,,,,
,,,,,2144,3.0,3,,,,,,,,
,,,,,2147,3.0,3,,,,,,,,
,,,,,2156,9.0,9,,,,,,,,
,,,,,2162,6.0,6,,,,,,,,
,,,,,2168,6.0,6,,,,,,,,
,,,,,2184,16.0,16,,,,,,,,
,,,,,2192,8.0,8,,,,,,,,
,,,,,2201,9.0,9,,,,,,,,
,,,,,2204,3.0,3,,,,,,,,
,,,,,2208,4.0,4,,,,,,,,
,,,,,2213,5.0,5,,,,,,,,
,,,,,2218,5.0,5,,,,,,,,
,,,,,2223,5.0,5,,,,,,,,
,,,,,2231,8.0,8,,,,,,,,
,,,,,2237,6.0,6,,,,,,,,
,,,,,2241,4.0,4,,,,,,,,
,,,,,2246,5.0,5,,,,,,,,
,,,,,2251,5.0,5,,,,,,,,
,,,,,2262,11.0,11,,,,,,,,
,,,,,2268,6.0,6,,,,,,,,
,,,,,2272,4.0,4,,,,,,,,
,,,,,2276,4.0,4,,,,,,,,
,,,,,2279,3.0,3,,,,,,,,
,,,,,2284,5.0,5,,,,,,,,
,,,,,2290,6.0,6,,,,,,,,
,,,,,2294,4.0,4,,,,,,,,
,,,,,2300,6.0,6,,,,,,,,
,,,,,2308,8.0,8,,,,,,,,
,,,,,2321,13.0,13,,,,,,,,
,,,,,2324,3.0,3,,,,,,,,
,,,,,2338,14.0,14,,,,,,,,
,,,,,2348,10.0,10,,,,,,,,
,,,,,2353,5.0,5,,,,,,,,
,,,,,2358,5.0,5,,,,,,,,
,,,,,2365,7.0,7,,,,,,,,
,,,,,2368,3.0,3,,,,,,,,
,,,,,2371,3.0,3,,,,,,,,
,,,,,2376,5.0,5,,,,,,,,
,,,,,2379,3.0,3,,,,,,,,
,,,,,2392,13.0,13,,,,,,,,
,,,,,2407,15.0,15,,,,,,,,
,,,,,2416,9.0,9,,,,,,,,
,,,,,2424,8.0,8,,,,,,,,
,,,,,2430,6.0,6,,,,,,,,
,,,,,2436,6.0,6,,,,,,,,
,,,,,2442,6.0,6,,,,,,,,
,,,,,2446,4.0,4,,,,,,,,
,,,,,2453,7.0,7,,,,,,,,
,,,,,2466,13.0,13,,,,,,,,
,,,,,2473,7.0,7,,,,,,,,
,,,,,2493,20.0,20,,,,,,,,
,,,,,2498,5.0,5,,,,,,,,
,,,,,2511,13.0,13,,,,,,,,
,,,,,2515,4.0,4,,,,,,,,
,,,,,2520,5.0,5,,,,,,,,
,,,,,2537,17.0,17,,,,,,,,
,,,,,2541,4.0,4,,,,,,,,
,,,,,2550,9.0,9,,,,,,,,
,,,,,2559,9.0,9,,,,,,,,
,,,,,2567,8.0,8,,,,,,,,
,,,,,2570,3.0,3,,,,,,,,
,,,,,2581,11.0,11,,,,,,,,
,,,,,2584,3.0,3,,,,,,,,
,,,,,2590,6.0,6,,,,,,,,
,,,,,2606,16.0,16,,,,,,,,
,,,,,2612,6.0,6,,,,,,,,
,,,,,2622,10.0,10,,,,,,,,
,,,,,2626,4.0,4,,,,,,,,
,,,,,2629,3.0,3,,,,,,,,
,,,,,2632,3.0,3,,,,,,,,
,,,,,2636,4.0,4,,,,,,,,
,,,,,2647,11.0,11,,,,,,,,
,,,,,2650,3.0,3,,,,,,,,
,,,,,2653,3.0,3,,,,,,,,
,,,,,2662,9.0,9,,,,,,,,
,,,,,2667,5.0,5,,,,,,,,
,,,,,2670,3.0,3,,,,,,,,
,,,,,2674,4.0,4,,,,,,,,
,,,,,2692,18.0,18,,,,,,,,
,,,,,2695,3.0,3,,,,,,,,
,,,,,2703,8.0,8,,,,,,,,
,,,,,2714,11.0,11,,,,,,,,
,,,,,2718,4.0,4,,,,,,,,
,,,,,2726,8.0,8,,,,,,,,
,,,,,2733,7.0,7,,,,,,,,
,,,,,2750,17.0,17,,,,,,,,
,,,,,2768,18.0,18,,,,,,,,
,,,,,2775,7.0,7,,,,,,,,
,,,,,2779,4.0,4,,,,,,,,
,,,,,2791,12.0,12,,,,,,,,
,,,,,2799,8.0,8,,,,,,,,
,,,,,2805,6.0,6,,,,,,,,
,,,,,2817,12.0,12,,,,,,,,
,,,,,2823,6.0,6,,,,,,,,
,,,,,2835,12.0,12,,,,,,,,
,,,,,2838,3.0,3,,,,,,,,
,,,,,2843,5.0,5,,,,,,,,
,,,,,2850,7.0,7,,,,,,,,
,,,,,2856,6.0,6,,,,,,,,
,,,,,2862,6.0,6,,,,,,,,
,,,,,2867,5.0,5,,,,,,,,
,,,,,2870,3.0,3,,,,,,,,
,,,,,2875,5.0,5,,,,,,,,
,,,,,2881,6.0,6,,,,,,,,
,,,,,2896,15.0,15,,,,,,,,
,,,,,2900,4.0,4,,,,,,,,
,,,,,2905,5.0,5,,,,,,,,
,,,,,2910,5.0,5,,,,,,,,
,,,,,2914,4.0,4,,,,,,,,
,,,,,2921,7.0,7,,,,,,,,
,,,,,2933,12.0,12,,,,,,,,
,,,,,2949,16.0,16,,,,,,,,
,,,,,2965,16.0,16,,,,,,,,
,,,,,2972,7.0,7,,,,,,,,
,,,,,2979,7.0,7,,,,,,,,
,,,,,2982,3.0,3,,,,,,,,
,,,,,2988,6.0,6,,,,,,,,
,,,,,3001,13.0,13,,,,,,,,
,,,,,3004,3.0,3,,,,,,,,
,,,,,3008,4.0,4,,,,,,,,
,,,,,3012,4.0,4,,,,,,,,
,,,,,3019,7.0,7,,,,,,,,
,,,,,3026,7.0,7,,,,,,,,
,,,,,3039,13.0,13,,,,,,,,
,,,,,3046,7.0,7,,,,,,,,
,,,,,3051,5.0,5,,,,,,,,
,,,,,3055,4.0,4,,,,,,,,
,,,,,3059,4.0,4,,,,,,,,
,,,,,3070,11.0,11,,,,,,,,
,,,,,3073,3.0,3,,,,,,,,
,,,,,3085,12.0,12,,,,,,,,
,,,,,3096,11.0,11,,,,,,,,
,,,,,3102,6.0,6,,,,,,,,
,,,,,3106,4.0,4,,,,,,,,
,,,,,3111,5.0,5,,,,,,,,
,,,,,3117,6.0,6,,,,,,,,
,,,,,3124,7.0,7,,,,,,,,
,,,,,3130,6.0,6,,,,,,,,
,,,,,3134,4.0,4,,,,,,,,
,,,,,3137,3.0,3,,,,,,,,
,,,,,3143,6.0,6,,,,,,,,
,,,,,3147,4.0,4,,,,,,,,
,,,,,3154,7.0,7,,,,,,,,
,,,,,3162,8.0,8,,,,,,,,
,,,,,3165,3.0,3,,,,,,,,
,,,,,3171,6.0,6,,,,,,,,
,,,,,3177,6.0,6,,,,,,,,
,,,,,3182,5.0,5,,,,,,,,
,,,,,3186,4.0,4,,,,,,,,
,,,,,3191,5.0,5,,,,,,,,
,,,,,3208,17.0,17,,,,,,,,
,,,,,3213,5.0,5,,,,,,,,
,,,,,3235,22.0,22,,,,,,,,
,,,,,3243,8.0,8,,,,,,,,
,,,,,3246,3.0,3,,,,,,,,
,,,,,3253,7.0,7,,,,,,,,
,,,,,3258,5.0,5,,,,,,,,
,,,,,3262,4.0,4,,,,,,,,
,,,,,3266,4.0,4,,,,,,,,
,,,,,3270,4.0,4,,,,,,,,
,,,,,3276,6.0,6,,,,,,,,
,,,,,3290,14.0,14,,,,,,,,
,,,,,3297,7.0,7,,,,,,,,
,,,,,3302,5.0,5,,,,,,,,
,,,,,3306,4.0,4,,,,,,,,
,,,,,3313,7.0,7,,,,,,,,
,,,,,3316,3.0,3,,,,,,,,
,,,,,3320,4.0,4,,,,,,,,
,,,,,3326,6.0,6,,,,,,,,
,,,,,3336,10.0,10,,,,,,,,
,,,,,3342,6.0,6,,,,,,,,
,,,,,3345,3.0,3,,,,,,,,
,,,,,3348,3.0,3,,,,,,,,
,,,,,3351,3.0,3,,,,,,,,
,,,,,3356,5.0,5,,,,,,,,
,,,,,3360,4.0,4,,,,,,,,
,,,,,3372,12.0,12,,,,,,,,
,,,,,3376,4.0,4,,,,,,,,
,,,,,3380,4.0,4,,,,,,,,
,,,,,3388,8.0,8,,,,,,,,
,,,,,3394,6.0,6,,,,,,,,
,,,,,3398,4.0,4,,,,,,,,
,,,,,3402,4.0,4,,,,,,,,
,,,,,3413,11.0,11,,,,,,,,
,,,,,3418,5.0,5,,,,,,,,
,,,,,3421,3.0,3,,,,,,,,
,,,,,3431,10.0,10,,,,,,,,
,,,,,3446,15.0,15,,,,,,,,
,,,,,3450,4.0,4,,,,,,,,
,,,,,3458,8.0,8,,,,,,,,
,,,,,3465,7.0,7,,,,,,,,
,,,,,3480,15.0,15,,,,,,,,
,,,,,3490,10.0,10,,,,,,,,
,,,,,3494,4.0,4,,,,,,,,
,,,,,3497,3.0,3,,,,,,,,
,,,,,3503,6.0,6,,,,,,,,
,,,,,3520,17.0,17,,,,,,,,
,,,,,3532,12.0,12,,,,,,,,
,,,,,3537,5.0,5,,,,,,,,
,,,,,3542,5.0,5,,,,,,,,
,,,,,3545,3.0,3,,,,,,,,
,,,,,3550,5.0,5,,,,,,,,
,,,,,3562,12.0,12,,,,,,,,
,,,,,3568,6.0,6,,,,,,,,
,,,,,3572,4.0,4,,,,,,,,
,,,,,3581,9.0,9,,,,,,,,
,,,,,3602,21.0,21,,,,,,,,
,,,,,3614,12.0,12,,,,,,,,
,,,,,3625,11.0,11,,,,,,,,
,,,,,3634,9.0,9,,,,,,,,
,,,,,3637,3.0,3,,,,,,,,
,,,,,3641,4.0,4,,,,,,,,
,,,,,3655,14.0,14,,,,,,,,
,,,,,3660,5.0,5,,,,,,,,
,,,,,3665,5.0,5,,,,,,,,
,,,,,3669,4.0,4,,,,,,,,
,,,,,3680,11.0,11,,,,,,,,
,,,,,3687,7.0,7,,,,,,,,
,,,,,3690,3.0,3,,,,,,,,
,,,,,3694,4.0,4,,,,,,,,
,,,,,3698,4.0,4,,,,,,,,
,,,,,3704,6.0,6,,,,,,,,
,,,,,3709,5.0,5,,,,,,,,
,,,,,3715,6.0,6,,,,,,,,
,,,,,3719,4.0,4,,,,,,,,
,,,,,3723,4.0,4,,,,,,,,
,,,,,3729,6.0,6,,,,,,,,
,,,,,3732,3.0,3,,,,,,,,
,,,,,3735,3.0,3,,,,,,,,
,,,,,3750,15.0,15,,,,,,,,
,,,,,3753,3.0,3,,,,,,,,
,,,,,3760,7.0,7,,,,,,,,
,,,,,3767,7.0,7,,,,,,,,
,,,,,3771,4.0,4,,,,,,,,
,,,,,3775,4.0,4,,,,,,,,
,,,,,3778,3.0,3,,,,,,,,
,,,,,3782,4.0,4,,,,,,,,
,,,,,3790,8.0,8,,,,,,,,
,,,,,3793,3.0,3,,,,,,,,
,,,,,3801,8.0,8,,,,,,,,
,,,,,3804,3.0,3,,,,,,,,
,,,,,3809,5.0,5,,,,,,,,
,,,,,3820,11.0,11,,,,,,,,
,,,,,3826,6.0,6,,,,,,,,
,,,,,3835,9.0,9,,,,,,,,
,,,,,3840,5.0,5,,,,,,,,
,,,,,3845,5.0,5,,,,,,,,
,,,,,3870,25.0,25,,,,,,,,
,,,,,3878,8.0,8,,,,,,,,
,,,,,3882,4.0,4,,,,,,,,
,,,,,3896,14.0,14,,,,,,,,
,,,,,3905,9.0,9,,,,,,,,
,,,,,3908,3.0,3,,,,,,,,
,,,,,3912,4.0,4,,,,,,,,
,,,,,3915,3.0,3,,,,,,,,
,,,,,3921,6.0,6,,,,,,,,
,,,,,3931,10.0,10,,,,,,,,
,,,,,3936,5.0,5,,,,,,,,
,,,,,3943,7.0,7,,,,,,,,
,,,,,3948,5.0,5,,,,,,,,
,,,,,3953,5.0,5,,,,,,,,
,,,,,3965,12.0,12,,,,,,,,
,,,,,3969,4.0,4,,,,,,,,
,,,,,3983,14.0,14,,,,,,,,
,,,,,3987,4.0,4,,,,,,,,
,,,,,3991,4.0,4,,,,,,,,
,,,,,4000,9.0,9,,,,,,,,
,,,,,4008,8.0,8,,,,,,,,
,,,,,4012,4.0,4,,,,,,,,
,,,,,4015,3.0,3,,,,,,,,
,,,,,4023,8.0,8,,,,,,,,
,,,,,4029,6.0,6,,,,,,,,
,,,,,4040,11.0,11,,,,,,,,
,,,,,4044,4.0,4,,,,,,,,
,,,,,4060,16.0,16,,,,,,,,
,,,,,4063,3.0,3,,,,,,,,
,,,,,4069,6.0,6,,,,,,,,
,,,,,4082,13.0,13,,,,,,,,
,,,,,4096,14.0,14,,,,,,,,
,,,,,4103,7.0,7,,,,,,,,
,,,,,4109,6.0,6,,,,,,,,
,,,,,4115,6.0,6,,,,,,,,
,,,,,4122,7.0,7,,,,,,,,
,,,,,4125,3.0,3,,,,,,,,
,,,,,4134,9.0,9,,,,,,,,
,,,,,4152,18.0,18,,,,,,,,
,,,,,4158,6.0,6,,,,,,,,
,,,,,4164,6.0,6,,,,,,,,
,,,,,4168,4.0,4,,,,,,,,
,,,,,4177,9.0,9,,,,,,,,
,,,,,4181,4.0,4,,,,,,,,
,,,,,4185,4.0,4,,,,,,,,
,,,,,4190,5.0,5,,,,,,,,
,,,,,4194,4.0,4,,,,,,,,
,,,,,4203,9.0,9,,,,,,,,
,,,,,4216,13.0,13,,,,,,,,
,,,,,4228,12.0,12,,,,,,,,
,,,,,4242,14.0,14,,,,,,,,
,,,,,4246,4.0,4,,,,,,,,
,,,,,4252,6.0,6,,,,,,,,
,,,,,4258,6.0,6,,,,,,,,
,,,,,4270,12.0,12,,,,,,,,
,,,,,4276,6.0,6,,,,,,,,
,,,,,4287,11.0,11,,,,,,,,
,,,,,4296,9.0,9,,,,,,,,
,,,,,4299,3.0,3,,,,,,,,
,,,,,4303,4.0,4,,,,,,,,
,,,,,4306,3.0,3,,,,,,,,
,,,,,4313,7.0,7,,,,,,,,
,,,,,4316,3.0,3,,,,,,,,
,,,,,4321,5.0,5,,,,,,,,
,,,,,4326,5.0,5,,,,,,,,
,,,,,4331,5.0,5,,,,,,,,
,,,,,4342,11.0,11,,,,,,,,
,,,,,4354,12.0,12,,,,,,,,
,,,,,4358,4.0,4,,,,,,,,
,,,,,4361,3.0,3,,,,,,,,
,,,,,4369,8.0,8,,,,,,,,
,,,,,4378,9.0,9,,,,,,,,
,,,,,4386,8.0,8,,,,,,,,
,,,,,4409,23.0,23,,,,,,,,
,,,,,4413,4.0,4,,,,,,,,
,,,,,4418,5.0,5,,,,,,,,
,,,,,4423,5.0,5,,,,,,,,
,,,,,4426,3.0,3,,,,,,,,
,,,,,4432,6.0,6,,,,,,,,
,,,,,4441,9.0,9,,,,,,,,
,,,,,4448,7.0,7,,,,,,,,
,,,,,4454,6.0,6,,,,,,,,
,,,,,4464,10.0,10,,,,,,,,
,,,,,4471,7.0,7,,,,,,,,
,,,,,4499,28.0,28,,,,,,,,
,,,,,4502,3.0,3,,,,,,,,
,,,,,4507,5.0,5,,,,,,,,
,,,,,4515,8.0,8,,,,,,,,
,,,,,4518,3.0,3,,,,,,,,
,,,,,4522,4.0,4,,,,,,,,
,,,,,4533,11.0,11,,,,,,,,
,,,,,4537,4.0,4,,,,,,,,
,,,,,4543,6.0,6,,,,,,,,
,,,,,4546,3.0,3,,,,,,,,
,,,,,4554,8.0,8,,,,,,,,
,,,,,4558,4.0,4,,,,,,,,
,,,,,4562,4.0,4,,,,,,,,
,,,,,4566,4.0,4,,,,,,,,
,,,,,4571,5.0,5,,,,,,,,
,,,,,4576,5.0,5,,,,,,,,
,,,,,4593,17.0,17,,,,,,,,
,,,,,4599,6.0,6,,,,,,,,
,,,,,4605,6.0,6,,,,,,,,
,,,,,4621,16.0,16,,,,,,,,
,,,,,4630,9.0,9,,,,,,,,
,,,,,4634,4.0,4,,,,,,,,
,,,,,4638,4.0,4,,,,,,,,
,,,,,4641,3.0,3,,,,,,,,
,,,,,4644,3.0,3,,,,,,,,
,,,,,4648,4.0,4,,,,,,,,
,,,,,4667,19.0,19,,,,,,,,
,,,,,4671,4.0,4,,,,,,,,
,,,,,4678,7.0,7,,,,,,,,
,,,,,4682,4.0,4,,,,,,,,
,,,,,4698,16.0,16,,,,,,,,
,,,,,4703,5.0,5,,,,,,,,
,,,,,4709,6.0,6,,,,,,,,
,,,,,4712,3.0,3,,,,,,,,
,,,,,4728,16.0,16,,,,,,,,
,,,,,4732,4.0,4,,,,,,,,
,,,,,4737,5.0,5,,,,,,,,
,,,,,4744,7.0,7,,,,,,,,
,,,,,4757,13.0,13,,,,,,,,
,,,,,4764,7.0,7,,,,,,,,
,,,,,4775,11.0,11,,,,,,,,
,,,,,4778,3.0,3,,,,,,,,
,,,,,4788,10.0,10,,,,,,,,
,,,,,4792,4.0,4,,,,,,,,
,,,,,4799,7.0,7,,,,,,,,
,,,,,4809,10.0,10,,,,,,,,
,,,,,4814,5.0,5,,,,,,,,
,,,,,4826,12.0,12,,,,,,,,
,,,,,4830,4.0,4,,,,,,,,
,,,,,4834,4.0,4,,,,,,,,
,,,,,4852,18.0,18,,,,,,,,
,,,,,4855,3.0,3,,,,,,,,
,,,,,4858,3.0,3,,,,,,,,
,,,,,4870,12.0,12,,,,,,,,
,,,,,4877,7.0,7,,,,,,,,
,,,,,4880,3.0,3,,,,,,,,
,,,,,4887,7.0,7,,,,,,,,
,,,,,4891,4.0,4,,,,,,,,
,,,,,4894,3.0,3,,,,,,,,
,,,,,4898,4.0,4,,,,,,,,
,,,,,4909,11.0,11,,,,,,,,
,,,,,4916,7.0,7,,,,,,,,
,,,,,4922,6.0,6,,,,,,,,
,,,,,4929,7.0,7,,,,,,,,
,,,,,4937,8.0,8,,,,,,,,
,,,,,4955,18.0,18,,,,,,,,
,,,,,4958,3.0,3,,,,,,,,
,,,,,4966,8.0,8,,,,,,,,
,,,,,4971,5.0,5,,,,,,,,
,,,,,4975,4.0,4,,,,,,,,
,,,,,4981,6.0,6,,,,,,,,
,,,,,4997,16.0,16,,,,,,,,
8.2,8.506468,32.0,3.0,8.2,5000,,,-0.13588806986808777,0.6494348049163818,1.1111323833465576,0.053817518055438995,1.1065864562988281,0.0003,0.0003,0.1
,,,,,5002,5.0,5,,,,,,,,
,,,,,5005,3.0,3,,,,,,,,
,,,,,5008,3.0,3,,,,,,,,
,,,,,5012,4.0,4,,,,,,,,
,,,,,5017,5.0,5,,,,,,,,
,,,,,5023,6.0,6,,,,,,,,
,,,,,5027,4.0,4,,,,,,,,
,,,,,5030,3.0,3,,,,,,,,
,,,,,5045,15.0,15,,,,,,,,
,,,,,5057,12.0,12,,,,,,,,
,,,,,5060,3.0,3,,,,,,,,
,,,,,5065,5.0,5,,,,,,,,
,,,,,5068,3.0,3,,,,,,,,
,,,,,5074,6.0,6,,,,,,,,
,,,,,5085,11.0,11,,,,,,,,
,,,,,5098,13.0,13,,,,,,,,
,,,,,5104,6.0,6,,,,,,,,
,,,,,5113,9.0,9,,,,,,,,
,,,,,5120,7.0,7,,,,,,,,
,,,,,5124,4.0,4,,,,,,,,
,,,,,5134,10.0,10,,,,,,,,
,,,,,5144,10.0,10,,,,,,,,
,,,,,5155,11.0,11,,,,,,,,
,,,,,5164,9.0,9,,,,,,,,
,,,,,5171,7.0,7,,,,,,,,
,,,,,5178,7.0,7,,,,,,,,
,,,,,5183,5.0,5,,,,,,,,
,,,,,5191,8.0,8,,,,,,,,
,,,,,5195,4.0,4,,,,,,,,
,,,,,5214,19.0,19,,,,,,,,
,,,,,5219,5.0,5,,,,,,,,
,,,,,5224,5.0,5,,,,,,,,
,,,,,5227,3.0,3,,,,,,,,
,,,,,5235,8.0,8,,,,,,,,
,,,,,5242,7.0,7,,,,,,,,
,,,,,5248,6.0,6,,,,,,,,
,,,,,5257,9.0,9,,,,,,,,
,,,,,5261,4.0,4,,,,,,,,
,,,,,5268,7.0,7,,,,,,,,
,,,,,5274,6.0,6,,,,,,,,
,,,,,5279,5.0,5,,,,,,,,
,,,,,5287,8.0,8,,,,,,,,
,,,,,5291,4.0,4,,,,,,,,
,,,,,5298,7.0,7,,,,,,,,
,,,,,5304,6.0,6,,,,,,,,
,,,,,5308,4.0,4,,,,,,,,
,,,,,5321,13.0,13,,,,,,,,
,,,,,5328,7.0,7,,,,,,,,
,,,,,5334,6.0,6,,,,,,,,
,,,,,5339,5.0,5,,,,,,,,
,,,,,5347,8.0,8,,,,,,,,
,,,,,5355,8.0,8,,,,,,,,
,,,,,5366,11.0,11,,,,,,,,
,,,,,5376,10.0,10,,,,,,,,
,,,,,5385,9.0,9,,,,,,,,
,,,,,5416,31.0,31,,,,,,,,
,,,,,5425,9.0,9,,,,,,,,
,,,,,5440,15.0,15,,,,,,,,
,,,,,5447,7.0,7,,,,,,,,
,,,,,5456,9.0,9,,,,,,,,
,,,,,5463,7.0,7,,,,,,,,
,,,,,5473,10.0,10,,,,,,,,
,,,,,5486,13.0,13,,,,,,,,
,,,,,5497,11.0,11,,,,,,,,
,,,,,5529,32.0,32,,,,,,,,
,,,,,5539,10.0,10,,,,,,,,
,,,,,5551,12.0,12,,,,,,,,
,,,,,5573,22.0,22,,,,,,,,
,,,,,5611,38.0,38,,,,,,,,
,,,,,5628,17.0,17,,,,,,,,
,,,,,5654,26.0,26,,,,,,,,
,,,,,5700,46.0,46,,,,,,,,
,,,,,5731,31.0,31,,,,,,,,
,,,,,5762,31.0,31,,,,,,,,
,,,,,5784,22.0,22,,,,,,,,
,,,,,5824,40.0,40,,,,,,,,
,,,,,5851,27.0,27,,,,,,,,
,,,,,5873,22.0,22,,,,,,,,
,,,,,5905,32.0,32,,,,,,,,
,,,,,5937,32.0,32,,,,,,,,
,,,,,5985,48.0,48,,,,,,,,
,,,,,6000,,,-4.923764228820801,-0.47428184747695923,0.709123969078064,4.338139533996582,4.312970161437988,0.0003,0.0003,0.1
,,,,,6031,46.0,46,,,,,,,,
,,,,,6059,28.0,28,,,,,,,,
,,,,,6094,35.0,35,,,,,,,,
,,,,,6137,43.0,43,,,,,,,,
,,,,,6188,51.0,51,,,,,,,,
,,,,,6227,39.0,39,,,,,,,,
,,,,,6275,48.0,48,,,,,,,,
,,,,,6321,46.0,46,,,,,,,,
,,,,,6367,46.0,46,,,,,,,,
,,,,,6436,69.0,69,,,,,,,,
,,,,,6483,47.0,47,,,,,,,,
,,,,,6523,40.0,40,,,,,,,,
,,,,,6612,89.0,89,,,,,,,,
,,,,,6661,49.0,49,,,,,,,,
,,,,,6738,77.0,77,,,,,,,,
,,,,,6814,76.0,76,,,,,,,,
,,,,,6867,53.0,53,,,,,,,,
,,,,,6946,79.0,79,,,,,,,,
,,,,,7000,,,-9.786802291870117,-1.0332986116409302,2.3224620819091797,8.620559692382812,8.608088493347168,0.0003,0.0003,0.1
,,,,,7015,69.0,69,,,,,,,,
,,,,,7095,80.0,80,,,,,,,,
,,,,,7168,73.0,73,,,,,,,,
,,,,,7246,78.0,78,,,,,,,,
,,,,,7314,68.0,68,,,,,,,,
,,,,,7398,84.0,84,,,,,,,,
,,,,,7483,85.0,85,,,,,,,,
,,,,,7543,60.0,60,,,,,,,,
,,,,,7627,84.0,84,,,,,,,,
,,,,,7764,137.0,137,,,,,,,,
,,,,,7840,76.0,76,,,,,,,,
,,,,,7982,142.0,142,,,,,,,,
,,,,,8000,,,-14.794520378112793,-0.5841174125671387,2.763901948928833,13.05525016784668,12.803404808044434,0.0003,0.0003,0.1
,,,,,8067,85.0,85,,,,,,,,
,,,,,8186,119.0,119,,,,,,,,
,,,,,8269,83.0,83,,,,,,,,
,,,,,8403,134.0,134,,,,,,,,
,,,,,8504,101.0,101,,,,,,,,
,,,,,8588,84.0,84,,,,,,,,
,,,,,8662,74.0,74,,,,,,,,
,,,,,8754,92.0,92,,,,,,,,
,,,,,8834,80.0,80,,,,,,,,
,,,,,8940,106.0,106,,,,,,,,
,,,,,9000,,,-19.855566024780273,-0.5948405265808105,1.9515509605407715,18.23740005493164,18.153532028198242,0.0003,0.0003,0.1
,,,,,9022,82.0,82,,,,,,,,
,,,,,9105,83.0,83,,,,,,,,
,,,,,9236,131.0,131,,,,,,,,
,,,,,9314,78.0,78,,,,,,,,
,,,,,9394,80.0,80,,,,,,,,
,,,,,9473,79.0,79,,,,,,,,
,,,,,9537,64.0,64,,,,,,,,
,,,,,9602,65.0,65,,,,,,,,
,,,,,9689,87.0,87,,,,,,,,
,,,,,9793,104.0,104,,,,,,,,
,,,,,9862,69.0,69,,,,,,,,
,,,,,9931,69.0,69,,,,,,,,
79.0,8.6602545,94.0,68.0,79.0,10000,,,-23.614011764526367,-0.5492594242095947,5.400710105895996,21.28593635559082,21.1894588470459,0.0003,0.0003,0.1
,,,,,10007,76.0,76,,,,,,,,
,,,,,10073,66.0,66,,,,,,,,
,,,,,10141,68.0,68,,,,,,,,
,,,,,10269,128.0,128,,,,,,,,
,,,,,10343,74.0,74,,,,,,,,
,,,,,10423,80.0,80,,,,,,,,
,,,,,10498,75.0,75,,,,,,,,
,,,,,10562,64.0,64,,,,,,,,
,,,,,10633,71.0,71,,,,,,,,
,,,,,10693,60.0,60,,,,,,,,
,,,,,10754,61.0,61,,,,,,,,
,,,,,10836,82.0,82,,,,,,,,
,,,,,10905,69.0,69,,,,,,,,
,,,,,10969,64.0,64,,,,,,,,
,,,,,11000,,,-28.645292282104492,-0.23689495027065277,2.7945075035095215,27.123600006103516,27.025081634521484,0.0003,0.0003,0.1
,,,,,11050,81.0,81,,,,,,,,
,,,,,11124,74.0,74,,,,,,,,
,,,,,11203,79.0,79,,,,,,,,
,,,,,11273,70.0,70,,,,,,,,
,,,,,11366,93.0,93,,,,,,,,
,,,,,11453,87.0,87,,,,,,,,
,,,,,11527,74.0,74,,,,,,,,
,,,,,11668,141.0,141,,,,,,,,
,,,,,11738,70.0,70,,,,,,,,
,,,,,11839,101.0,101,,,,,,,,
,,,,,11915,76.0,76,,,,,,,,
,,,,,12000,,,-31.52850914001465,-0.5484874248504639,4.987238883972168,29.10910415649414,29.456029891967773,0.0003,0.0003,0.1
,,,,,12004,89.0,89,,,,,,,,
,,,,,12111,107.0,107,,,,,,,,
,,,,,12195,84.0,84,,,,,,,,
,,,,,12260,65.0,65,,,,,,,,
,,,,,12352,92.0,92,,,,,,,,
,,,,,12417,65.0,65,,,,,,,,
,,,,,12547,130.0,130,,,,,,,,
,,,,,12624,77.0,77,,,,,,,,
,,,,,12704,80.0,80,,,,,,,,
,,,,,12763,59.0,59,,,,,,,,
,,,,,12833,70.0,70,,,,,,,,
,,,,,12900,67.0,67,,,,,,,,
,,,,,12961,61.0,61,,,,,,,,
,,,,,13000,,,-35.29867172241211,-0.29865628480911255,6.502057075500488,33.45001983642578,33.24955749511719,0.0003,0.0003,0.1
,,,,,13022,61.0,61,,,,,,,,
,,,,,13103,81.0,81,,,,,,,,
,,,,,13164,61.0,61,,,,,,,,
,,,,,13222,58.0,58,,,,,,,,
,,,,,13287,65.0,65,,,,,,,,
,,,,,13353,66.0,66,,,,,,,,
,,,,,13428,75.0,75,,,,,,,,
,,,,,13482,54.0,54,,,,,,,,
,,,,,13541,59.0,59,,,,,,,,
,,,,,13599,58.0,58,,,,,,,,
,,,,,13655,56.0,56,,,,,,,,
,,,,,13712,57.0,57,,,,,,,,
,,,,,13793,81.0,81,,,,,,,,
,,,,,13848,55.0,55,,,,,,,,
,,,,,13902,54.0,54,,,,,,,,
,,,,,13971,69.0,69,,,,,,,,
,,,,,14000,,,-37.837928771972656,-0.6109133362770081,6.036089897155762,35.385650634765625,35.449493408203125,0.0003,0.0003,0.1
,,,,,14037,66.0,66,,,,,,,,
,,,,,14099,62.0,62,,,,,,,,
,,,,,14159,60.0,60,,,,,,,,
,,,,,14216,57.0,57,,,,,,,,
,,,,,14271,55.0,55,,,,,,,,
,,,,,14343,72.0,72,,,,,,,,
,,,,,14407,64.0,64,,,,,,,,
,,,,,14477,70.0,70,,,,,,,,
,,,,,14536,59.0,59,,,,,,,,
,,,,,14599,63.0,63,,,,,,,,
,,,,,14652,53.0,53,,,,,,,,
,,,,,14714,62.0,62,,,,,,,,
,,,,,14774,60.0,60,,,,,,,,
,,,,,14829,55.0,55,,,,,,,,
,,,,,14885,56.0,56,,,,,,,,
,,,,,14934,49.0,49,,,,,,,,
,,,,,14992,58.0,58,,,,,,,,
57.8,5.6,73.0,53.0,57.8,15000,,,-42.09830093383789,-0.22388099133968353,11.310357093811035,39.470027923583984,39.232547760009766,0.0003,0.0003,0.1
,,,,,15054,62.0,62,,,,,,,,
,,,,,15114,60.0,60,,,,,,,,
,,,,,15166,52.0,52,,,,,,,,
,,,,,15229,63.0,63,,,,,,,,
,,,,,15284,55.0,55,,,,,,,,
,,,,,15343,59.0,59,,,,,,,,
,,,,,15398,55.0,55,,,,,,,,
,,,,,15451,53.0,53,,,,,,,,
,,,,,15505,54.0,54,,,,,,,,
,,,,,15558,53.0,53,,,,,,,,
,,,,,15612,54.0,54,,,,,,,,
,,,,,15669,57.0,57,,,,,,,,
,,,,,15721,52.0,52,,,,,,,,
,,,,,15773,52.0,52,,,,,,,,
,,,,,15827,54.0,54,,,,,,,,
,,,,,15882,55.0,55,,,,,,,,
,,,,,15936,54.0,54,,,,,,,,
,,,,,15988,52.0,52,,,,,,,,
,,,,,16000,,,-43.115753173828125,-0.7060531377792358,7.68185567855835,39.98255157470703,40.28748321533203,0.0003,0.0003,0.1
,,,,,16039,51.0,51,,,,,,,,
,,,,,16092,53.0,53,,,,,,,,
,,,,,16143,51.0,51,,,,,,,,
,,,,,16192,49.0,49,,,,,,,,
,,,,,16243,51.0,51,,,,,,,,
,,,,,16296,53.0,53,,,,,,,,
,,,,,16347,51.0,51,,,,,,,,
,,,,,16395,48.0,48,,,,,,,,
,,,,,16443,48.0,48,,,,,,,,
,,,,,16493,50.0,50,,,,,,,,
,,,,,16543,50.0,50,,,,,,,,
,,,,,16590,47.0,47,,,,,,,,
,,,,,16638,48.0,48,,,,,,,,
,,,,,16685,47.0,47,,,,,,,,
,,,,,16732,47.0,47,,,,,,,,
,,,,,16779,47.0,47,,,,,,,,
,,,,,16830,51.0,51,,,,,,,,
,,,,,16875,45.0,45,,,,,,,,
,,,,,16923,48.0,48,,,,,,,,
,,,,,16972,49.0,49,,,,,,,,
,,,,,17000,,,-46.25960922241211,-0.777996301651001,8.9111909866333,44.66242980957031,44.90178680419922,0.0003,0.0003,0.1
,,,,,17020,48.0,48,,,,,,,,
,,,,,17069,49.0,49,,,,,,,,
,,,,,17117,48.0,48,,,,,,,,
,,,,,17164,47.0,47,,,,,,,,
,,,,,17211,47.0,47,,,,,,,,
,,,,,17260,49.0,49,,,,,,,,
,,,,,17306,46.0,46,,,,,,,,
,,,,,17354,48.0,48,,,,,,,,
,,,,,17401,47.0,47,,,,,,,,
,,,,,17453,52.0,52,,,,,,,,
,,,,,17500,47.0,47,,,,,,,,
,,,,,17545,45.0,45,,,,,,,,
,,,,,17590,45.0,45,,,,,,,,
,,,,,17637,47.0,47,,,,,,,,
,,,,,17681,44.0,44,,,,,,,,
,,,,,17727,46.0,46,,,,,,,,
,,,,,17773,46.0,46,,,,,,,,
,,,,,17819,46.0,46,,,,,,,,
,,,,,17866,47.0,47,,,,,,,,
,,,,,17912,46.0,46,,,,,,,,
,,,,,17957,45.0,45,,,,,,,,
,,,,,18000,,,-47.6519889831543,-0.8676171898841858,13.833434104919434,44.473716735839844,44.558250427246094,0.0003,0.0003,0.1
,,,,,18003,46.0,46,,,,,,,,
,,,,,18052,49.0,49,,,,,,,,
,,,,,18101,49.0,49,,,,,,,,
,,,,,18152,51.0,51,,,,,,,,
,,,,,18198,46.0,46,,,,,,,,
,,,,,18245,47.0,47,,,,,,,,
,,,,,18294,49.0,49,,,,,,,,
,,,,,18341,47.0,47,,,,,,,,
,,,,,18389,48.0,48,,,,,,,,
,,,,,18440,51.0,51,,,,,,,,
,,,,,18489,49.0,49,,,,,,,,
,,,,,18540,51.0,51,,,,,,,,
,,,,,18590,50.0,50,,,,,,,,
,,,,,18639,49.0,49,,,,,,,,
,,,,,18688,49.0,49,,,,,,,,
,,,,,18741,53.0,53,,,,,,,,
,,,,,18792,51.0,51,,,,,,,,
,,,,,18844,52.0,52,,,,,,,,
,,,,,18892,48.0,48,,,,,,,,
,,,,,18942,50.0,50,,,,,,,,
,,,,,18990,48.0,48,,,,,,,,
,,,,,19000,,,-50.97062683105469,-0.6462119817733765,5.716496467590332,47.997833251953125,47.808494567871094,0.0003,0.0003,0.1
,,,,,19039,49.0,49,,,,,,,,
,,,,,19086,47.0,47,,,,,,,,
,,,,,19138,52.0,52,,,,,,,,
,,,,,19186,48.0,48,,,,,,,,
,,,,,19236,50.0,50,,,,,,,,
,,,,,19286,50.0,50,,,,,,,,
,,,,,19335,49.0,49,,,,,,,,
,,,,,19387,52.0,52,,,,,,,,
,,,,,19436,49.0,49,,,,,,,,
,,,,,19485,49.0,49,,,,,,,,
,,,,,19534,49.0,49,,,,,,,,
,,,,,19581,47.0,47,,,,,,,,
,,,,,19628,47.0,47,,,,,,,,
,,,,,19676,48.0,48,,,,,,,,
,,,,,19725,49.0,49,,,,,,,,
,,,,,19774,49.0,49,,,,,,,,
,,,,,19823,49.0,49,,,,,,,,
,,,,,19871,48.0,48,,,,,,,,
,,,,,19919,48.0,48,,,,,,,,
,,,,,19967,48.0,48,,,,,,,,
48.1,0.9433981,50.0,47.0,48.1,20000,,,-51.943641662597656,-0.8004725575447083,6.454846382141113,48.84880828857422,48.64376449584961,0.0003,0.0003,0.1
,,,,,20014,47.0,47,,,,,,,,
,,,,,20062,48.0,48,,,,,,,,
,,,,,20113,51.0,51,,,,,,,,
,,,,,20162,49.0,49,,,,,,,,
,,,,,20212,50.0,50,,,,,,,,
,,,,,20261,49.0,49,,,,,,,,
,,,,,20310,49.0,49,,,,,,,,
,,,,,20360,50.0,50,,,,,,,,
,,,,,20412,52.0,52,,,,,,,,
,,,,,20462,50.0,50,,,,,,,,
,,,,,20510,48.0,48,,,,,,,,
,,,,,20561,51.0,51,,,,,,,,
,,,,,20612,51.0,51,,,,,,,,
,,,,,20662,50.0,50,,,,,,,,
,,,,,20712,50.0,50,,,,,,,,
,,,,,20762,50.0,50,,,,,,,,
,,,,,20812,50.0,50,,,,,,,,
,,,,,20861,49.0,49,,,,,,,,
,,,,,20910,49.0,49,,,,,,,,
,,,,,20961,51.0,51,,,,,,,,
,,,,,21000,,,-51.86763381958008,-0.9084707498550415,9.573955535888672,50.84165954589844,51.053382873535156,0.0003,0.0003,0.1
,,,,,21014,53.0,53,,,,,,,,
,,,,,21066,52.0,52,,,,,,,,
,,,,,21116,50.0,50,,,,,,,,
,,,,,21167,51.0,51,,,,,,,,
,,,,,21216,49.0,49,,,,,,,,
,,,,,21269,53.0,53,,,,,,,,
,,,,,21319,50.0,50,,,,,,,,
,,,,,21370,51.0,51,,,,,,,,
,,,,,21421,51.0,51,,,,,,,,
,,,,,21472,51.0,51,,,,,,,,
,,,,,21524,52.0,52,,,,,,,,
,,,,,21573,49.0,49,,,,,,,,
,,,,,21623,50.0,50,,,,,,,,
,,,,,21675,52.0,52,,,,,,,,
,,,,,21725,50.0,50,,,,,,,,
,,,,,21780,55.0,55,,,,,,,,
,,,,,21831,51.0,51,,,,,,,,
,,,,,21892,61.0,61,,,,,,,,
,,,,,21944,52.0,52,,,,,,,,
,,,,,21995,51.0,51,,,,,,,,
,,,,,22000,,,-52.51448440551758,-1.0300301313400269,5.1803460121154785,49.38686752319336,49.58406448364258,0.0003,0.0003,0.1
,,,,,22046,51.0,51,,,,,,,,
,,,,,22098,52.0,52,,,,,,,,
,,,,,22148,50.0,50,,,,,,,,
,,,,,22199,51.0,51,,,,,,,,
,,,,,22250,51.0,51,,,,,,,,
,,,,,22311,61.0,61,,,,,,,,
,,,,,22363,52.0,52,,,,,,,,
,,,,,22418,55.0,55,,,,,,,,
,,,,,22478,60.0,60,,,,,,,,
,,,,,22535,57.0,57,,,,,,,,
,,,,,22589,54.0,54,,,,,,,,
,,,,,22646,57.0,57,,,,,,,,
,,,,,22735,89.0,89,,,,,,,,
,,,,,23000,,,-52.67473602294922,-1.2332003116607666,12.537651062011719,49.819435119628906,49.73139953613281,0.0003,0.0003,0.1
,,,,,23735,1000.0,1000,,,,,,,,
,,,,,24000,,,-55.748905181884766,-1.1325173377990723,16.18938636779785,54.162933349609375,53.809783935546875,0.0003,0.0003,0.1
,,,,,24735,1000.0,1000,,,,,,,,
907.6,277.19998,1000.0,76.0,907.6,25000,,,-57.80093765258789,-1.047853708267212,9.750198364257812,54.45228576660156,54.44060516357422,0.0003,0.0003,0.1
,,,,,25735,1000.0,1000,,,,,,,,
,,,,,26000,,,-55.34907531738281,-1.063154935836792,15.65406608581543,53.475555419921875,53.5455436706543,0.0003,0.0003,0.1
,,,,,26735,1000.0,1000,,,,,,,,
,,,,,27000,,,-57.57616424560547,-1.052780270576477,4.3832197189331055,54.872222900390625,54.976112365722656,0.0003,0.0003,0.1
,,,,,27735,1000.0,1000,,,,,,,,
,,,,,28000,,,-56.38961410522461,-1.1562330722808838,8.200133323669434,54.31621551513672,54.12067413330078,0.0003,0.0003,0.1
,,,,,28735,1000.0,1000,,,,,,,,
,,,,,29000,,,-54.661903381347656,-1.1702015399932861,18.957494735717773,52.61516571044922,52.20093536376953,0.0003,0.0003,0.1
,,,,,29735,1000.0,1000,,,,,,,,
1000.0,0.0,1000.0,1000.0,1000.0,30000,,,-60.136756896972656,-0.9831421375274658,2.902972459793091,58.20319366455078,58.440547943115234,0.0003,0.0003,0.1
,,,,,30735,1000.0,1000,,,,,,,,
,,,,,31000,,,-58.11856460571289,-0.7821254134178162,1.631914496421814,56.137229919433594,56.3438720703125,0.0003,0.0003,0.1
,,,,,31735,1000.0,1000,,,,,,,,
,,,,,32000,,,-61.376678466796875,-0.9110220074653625,4.161617279052734,57.91574478149414,58.09373474121094,0.0003,0.0003,0.1
,,,,,32735,1000.0,1000,,,,,,,,
,,,,,33000,,,-58.235923767089844,-1.058743953704834,2.1909236907958984,56.99542999267578,56.93171310424805,0.0003,0.0003,0.1
,,,,,33735,1000.0,1000,,,,,,,,
,,,,,34000,,,-60.03531265258789,-0.9828504323959351,2.3819973468780518,57.25204086303711,57.196807861328125,0.0003,0.0003,0.1
,,,,,34735,1000.0,1000,,,,,,,,
173.4,275.63205,1000.0,71.0,173.4,35000,,,-64.14161682128906,-1.1313128471374512,1.1778037548065186,60.45059585571289,60.367000579833984,0.0003,0.0003,0.1
,,,,,35735,1000.0,1000,,,,,,,,
,,,,,36000,,,-64.1630859375,-1.0047762393951416,7.673019886016846,61.38666534423828,61.4250373840332,0.0003,0.0003,0.1
,,,,,36735,1000.0,1000,,,,,,,,
,,,,,36817,82.0,82,,,,,,,,
,,,,,36889,72.0,72,,,,,,,,
,,,,,36970,81.0,81,,,,,,,,
,,,,,37000,,,-63.802433013916016,-1.2471050024032593,15.242728233337402,62.25275802612305,62.12627410888672,0.0003,0.0003,0.1
,,,,,37045,75.0,75,,,,,,,,
,,,,,37127,82.0,82,,,,,,,,
,,,,,37206,79.0,79,,,,,,,,
,,,,,37288,82.0,82,,,,,,,,
,,,,,37397,109.0,109,,,,,,,,
,,,,,37472,75.0,75,,,,,,,,
,,,,,37551,79.0,79,,,,,,,,
,,,,,37626,75.0,75,,,,,,,,
,,,,,37703,77.0,77,,,,,,,,
,,,,,37777,74.0,74,,,,,,,,
,,,,,37859,82.0,82,,,,,,,,
,,,,,37934,75.0,75,,,,,,,,
,,,,,38000,,,-69.75294494628906,-1.1336852312088013,2.2383832931518555,67.576904296875,67.48115539550781,0.0003,0.0003,0.1
,,,,,38786,852.0,852,,,,,,,,
,,,,,39000,,,-71.6089096069336,-1.0954738855361938,20.830692291259766,68.49578094482422,67.80152893066406,0.0003,0.0003,0.1
,,,,,39786,1000.0,1000,,,,,,,,
1000.0,0.0,1000.0,1000.0,1000.0,40000,,,-70.53266143798828,-1.0153840780258179,2.5221173763275146,69.9493408203125,69.96250915527344,0.0003,0.0003,0.1
,,,,,40786,1000.0,1000,,,,,,,,
,,,,,41000,,,-73.76033782958984,-1.1655986309051514,8.387749671936035,71.77346801757812,71.37208557128906,0.0003,0.0003,0.1
,,,,,41786,1000.0,1000,,,,,,,,
,,,,,42000,,,-71.4925765991211,-1.003016710281372,5.478353500366211,69.37420654296875,69.01335144042969,0.0003,0.0003,0.1
,,,,,42786,1000.0,1000,,,,,,,,
,,,,,43000,,,-75.55799865722656,-1.104719877243042,0.811876118183136,74.8222885131836,74.85772705078125,0.0003,0.0003,0.1
,,,,,43786,1000.0,1000,,,,,,,,
,,,,,44000,,,-77.2091293334961,-0.8136295080184937,4.899255752563477,73.08993530273438,72.97190856933594,0.0003,0.0003,0.1
,,,,,44786,1000.0,1000,,,,,,,,
1000.0,0.0,1000.0,1000.0,1000.0,45000,,,-76.86305236816406,-0.8137193322181702,1.97817063331604,76.27157592773438,76.234130859375,0.0003,0.0003,0.1
,,,,,45786,1000.0,1000,,,,,,,,
,,,,,46000,,,-79.2353515625,-0.956857442855835,0.9914312958717346,78.54403686523438,78.54593658447266,0.0003,0.0003,0.1
,,,,,46786,1000.0,1000,,,,,,,,
,,,,,47000,,,-78.86915588378906,-1.316138505935669,2.9743294715881348,75.98983764648438,75.81351470947266,0.0003,0.0003,0.1
,,,,,47786,1000.0,1000,,,,,,,,
,,,,,48000,,,-81.93675994873047,-0.9635375142097473,0.7014476656913757,80.35508728027344,80.37305450439453,0.0003,0.0003,0.1
,,,,,48786,1000.0,1000,,,,,,,,
,,,,,49000,,,-83.03938293457031,-1.1131560802459717,1.4564661979675293,79.22079467773438,79.15003967285156,0.0003,0.0003,0.1
,,,,,49786,1000.0,1000,,,,,,,,
