Eval_AverageReturn,Eval_StdReturn,Eval_MaxReturn,Eval_MinReturn,Eval_AverageEpLen,step,Train_EpisodeReturn,Train_EpisodeLen,actor_loss,entropy,critic_loss,q_values,target_values,alpha,alpha_loss,actor_lr,critic_lr,temperature
7.5,5.0249376,20.0,3.0,7.5,0,,,,,,,,,,,,
,,,,,4,5.0,5,,,,,,,,,,
,,,,,13,9.0,9,,,,,,,,,,
,,,,,26,13.0,13,,,,,,,,,,
,,,,,31,5.0,5,,,,,,,,,,
,,,,,37,6.0,6,,,,,,,,,,
,,,,,41,4.0,4,,,,,,,,,,
,,,,,47,6.0,6,,,,,,,,,,
,,,,,50,3.0,3,,,,,,,,,,
,,,,,55,5.0,5,,,,,,,,,,
,,,,,58,3.0,3,,,,,,,,,,
,,,,,62,4.0,4,,,,,,,,,,
,,,,,65,3.0,3,,,,,,,,,,
,,,,,79,14.0,14,,,,,,,,,,
,,,,,86,7.0,7,,,,,,,,,,
,,,,,90,4.0,4,,,,,,,,,,
,,,,,97,7.0,7,,,,,,,,,,
,,,,,102,5.0,5,,,,,,,,,,
,,,,,105,3.0,3,,,,,,,,,,
,,,,,108,3.0,3,,,,,,,,,,
,,,,,112,4.0,4,,,,,,,,,,
,,,,,123,11.0,11,,,,,,,,,,
,,,,,130,7.0,7,,,,,,,,,,
,,,,,137,7.0,7,,,,,,,,,,
,,,,,141,4.0,4,,,,,,,,,,
,,,,,149,8.0,8,,,,,,,,,,
,,,,,154,5.0,5,,,,,,,,,,
,,,,,157,3.0,3,,,,,,,,,,
,,,,,162,5.0,5,,,,,,,,,,
,,,,,165,3.0,3,,,,,,,,,,
,,,,,170,5.0,5,,,,,,,,,,
,,,,,175,5.0,5,,,,,,,,,,
,,,,,182,7.0,7,,,,,,,,,,
,,,,,185,3.0,3,,,,,,,,,,
,,,,,194,9.0,9,,,,,,,,,,
,,,,,199,5.0,5,,,,,,,,,,
,,,,,206,7.0,7,,,,,,,,,,
,,,,,214,8.0,8,,,,,,,,,,
,,,,,219,5.0,5,,,,,,,,,,
,,,,,223,4.0,4,,,,,,,,,,
,,,,,226,3.0,3,,,,,,,,,,
,,,,,237,11.0,11,,,,,,,,,,
,,,,,241,4.0,4,,,,,,,,,,
,,,,,244,3.0,3,,,,,,,,,,
,,,,,248,4.0,4,,,,,,,,,,
,,,,,252,4.0,4,,,,,,,,,,
,,,,,257,5.0,5,,,,,,,,,,
,,,,,263,6.0,6,,,,,,,,,,
,,,,,266,3.0,3,,,,,,,,,,
,,,,,277,11.0,11,,,,,,,,,,
,,,,,291,14.0,14,,,,,,,,,,
,,,,,294,3.0,3,,,,,,,,,,
,,,,,304,10.0,10,,,,,,,,,,
,,,,,308,4.0,4,,,,,,,,,,
,,,,,312,4.0,4,,,,,,,,,,
,,,,,315,3.0,3,,,,,,,,,,
,,,,,328,13.0,13,,,,,,,,,,
,,,,,335,7.0,7,,,,,,,,,,
,,,,,338,3.0,3,,,,,,,,,,
,,,,,353,15.0,15,,,,,,,,,,
,,,,,360,7.0,7,,,,,,,,,,
,,,,,364,4.0,4,,,,,,,,,,
,,,,,368,4.0,4,,,,,,,,,,
,,,,,371,3.0,3,,,,,,,,,,
,,,,,375,4.0,4,,,,,,,,,,
,,,,,378,3.0,3,,,,,,,,,,
,,,,,382,4.0,4,,,,,,,,,,
,,,,,385,3.0,3,,,,,,,,,,
,,,,,388,3.0,3,,,,,,,,,,
,,,,,393,5.0,5,,,,,,,,,,
,,,,,404,11.0,11,,,,,,,,,,
,,,,,410,6.0,6,,,,,,,,,,
,,,,,416,6.0,6,,,,,,,,,,
,,,,,422,6.0,6,,,,,,,,,,
,,,,,428,6.0,6,,,,,,,,,,
,,,,,435,7.0,7,,,,,,,,,,
,,,,,439,4.0,4,,,,,,,,,,
,,,,,442,3.0,3,,,,,,,,,,
,,,,,445,3.0,3,,,,,,,,,,
,,,,,454,9.0,9,,,,,,,,,,
,,,,,461,7.0,7,,,,,,,,,,
,,,,,471,10.0,10,,,,,,,,,,
,,,,,474,3.0,3,,,,,,,,,,
,,,,,479,5.0,5,,,,,,,,,,
,,,,,482,3.0,3,,,,,,,,,,
,,,,,490,8.0,8,,,,,,,,,,
,,,,,493,3.0,3,,,,,,,,,,
,,,,,503,10.0,10,,,,,,,,,,
,,,,,507,4.0,4,,,,,,,,,,
,,,,,511,4.0,4,,,,,,,,,,
,,,,,515,4.0,4,,,,,,,,,,
,,,,,518,3.0,3,,,,,,,,,,
,,,,,521,3.0,3,,,,,,,,,,
,,,,,527,6.0,6,,,,,,,,,,
,,,,,530,3.0,3,,,,,,,,,,
,,,,,540,10.0,10,,,,,,,,,,
,,,,,556,16.0,16,,,,,,,,,,
,,,,,562,6.0,6,,,,,,,,,,
,,,,,571,9.0,9,,,,,,,,,,
,,,,,576,5.0,5,,,,,,,,,,
,,,,,584,8.0,8,,,,,,,,,,
,,,,,593,9.0,9,,,,,,,,,,
,,,,,601,8.0,8,,,,,,,,,,
,,,,,610,9.0,9,,,,,,,,,,
,,,,,614,4.0,4,,,,,,,,,,
,,,,,626,12.0,12,,,,,,,,,,
,,,,,632,6.0,6,,,,,,,,,,
,,,,,635,3.0,3,,,,,,,,,,
,,,,,643,8.0,8,,,,,,,,,,
,,,,,647,4.0,4,,,,,,,,,,
,,,,,652,5.0,5,,,,,,,,,,
,,,,,657,5.0,5,,,,,,,,,,
,,,,,666,9.0,9,,,,,,,,,,
,,,,,670,4.0,4,,,,,,,,,,
,,,,,674,4.0,4,,,,,,,,,,
,,,,,679,5.0,5,,,,,,,,,,
,,,,,687,8.0,8,,,,,,,,,,
,,,,,690,3.0,3,,,,,,,,,,
,,,,,693,3.0,3,,,,,,,,,,
,,,,,697,4.0,4,,,,,,,,,,
,,,,,707,10.0,10,,,,,,,,,,
,,,,,710,3.0,3,,,,,,,,,,
,,,,,715,5.0,5,,,,,,,,,,
,,,,,725,10.0,10,,,,,,,,,,
,,,,,736,11.0,11,,,,,,,,,,
,,,,,745,9.0,9,,,,,,,,,,
,,,,,759,14.0,14,,,,,,,,,,
,,,,,764,5.0,5,,,,,,,,,,
,,,,,768,4.0,4,,,,,,,,,,
,,,,,771,3.0,3,,,,,,,,,,
,,,,,774,3.0,3,,,,,,,,,,
,,,,,779,5.0,5,,,,,,,,,,
,,,,,782,3.0,3,,,,,,,,,,
,,,,,786,4.0,4,,,,,,,,,,
,,,,,794,8.0,8,,,,,,,,,,
,,,,,800,6.0,6,,,,,,,,,,
,,,,,813,13.0,13,,,,,,,,,,
,,,,,821,8.0,8,,,,,,,,,,
,,,,,828,7.0,7,,,,,,,,,,
,,,,,835,7.0,7,,,,,,,,,,
,,,,,838,3.0,3,,,,,,,,,,
,,,,,847,9.0,9,,,,,,,,,,
,,,,,852,5.0,5,,,,,,,,,,
,,,,,858,6.0,6,,,,,,,,,,
,,,,,861,3.0,3,,,,,,,,,,
,,,,,870,9.0,9,,,,,,,,,,
,,,,,877,7.0,7,,,,,,,,,,
,,,,,881,4.0,4,,,,,,,,,,
,,,,,885,4.0,4,,,,,,,,,,
,,,,,894,9.0,9,,,,,,,,,,
,,,,,897,3.0,3,,,,,,,,,,
,,,,,908,11.0,11,,,,,,,,,,
,,,,,919,11.0,11,,,,,,,,,,
,,,,,926,7.0,7,,,,,,,,,,
,,,,,929,3.0,3,,,,,,,,,,
,,,,,933,4.0,4,,,,,,,,,,
,,,,,937,4.0,4,,,,,,,,,,
,,,,,944,7.0,7,,,,,,,,,,
,,,,,947,3.0,3,,,,,,,,,,
,,,,,950,3.0,3,,,,,,,,,,
,,,,,959,9.0,9,,,,,,,,,,
,,,,,966,7.0,7,,,,,,,,,,
,,,,,970,4.0,4,,,,,,,,,,
,,,,,973,3.0,3,,,,,,,,,,
,,,,,977,4.0,4,,,,,,,,,,
,,,,,988,11.0,11,,,,,,,,,,
,,,,,994,6.0,6,,,,,,,,,,
,,,,,1000,6.0,6,,,,,,,,,,
,,,,,1004,4.0,4,,,,,,,,,,
,,,,,1010,6.0,6,,,,,,,,,,
,,,,,1014,4.0,4,,,,,,,,,,
,,,,,1018,4.0,4,,,,,,,,,,
,,,,,1023,5.0,5,,,,,,,,,,
,,,,,1026,3.0,3,,,,,,,,,,
,,,,,1033,7.0,7,,,,,,,,,,
,,,,,1038,5.0,5,,,,,,,,,,
,,,,,1042,4.0,4,,,,,,,,,,
,,,,,1045,3.0,3,,,,,,,,,,
,,,,,1053,8.0,8,,,,,,,,,,
,,,,,1059,6.0,6,,,,,,,,,,
,,,,,1068,9.0,9,,,,,,,,,,
,,,,,1077,9.0,9,,,,,,,,,,
,,,,,1081,4.0,4,,,,,,,,,,
,,,,,1087,6.0,6,,,,,,,,,,
,,,,,1090,3.0,3,,,,,,,,,,
,,,,,1106,16.0,16,,,,,,,,,,
,,,,,1111,5.0,5,,,,,,,,,,
,,,,,1115,4.0,4,,,,,,,,,,
,,,,,1120,5.0,5,,,,,,,,,,
,,,,,1126,6.0,6,,,,,,,,,,
,,,,,1132,6.0,6,,,,,,,,,,
,,,,,1141,9.0,9,,,,,,,,,,
,,,,,1149,8.0,8,,,,,,,,,,
,,,,,1155,6.0,6,,,,,,,,,,
,,,,,1158,3.0,3,,,,,,,,,,
,,,,,1162,4.0,4,,,,,,,,,,
,,,,,1178,16.0,16,,,,,,,,,,
,,,,,1183,5.0,5,,,,,,,,,,
,,,,,1187,4.0,4,,,,,,,,,,
,,,,,1199,12.0,12,,,,,,,,,,
,,,,,1202,3.0,3,,,,,,,,,,
,,,,,1207,5.0,5,,,,,,,,,,
,,,,,1211,4.0,4,,,,,,,,,,
,,,,,1216,5.0,5,,,,,,,,,,
,,,,,1224,8.0,8,,,,,,,,,,
,,,,,1227,3.0,3,,,,,,,,,,
,,,,,1230,3.0,3,,,,,,,,,,
,,,,,1243,13.0,13,,,,,,,,,,
,,,,,1247,4.0,4,,,,,,,,,,
,,,,,1251,4.0,4,,,,,,,,,,
,,,,,1256,5.0,5,,,,,,,,,,
,,,,,1266,10.0,10,,,,,,,,,,
,,,,,1269,3.0,3,,,,,,,,,,
,,,,,1276,7.0,7,,,,,,,,,,
,,,,,1282,6.0,6,,,,,,,,,,
,,,,,1285,3.0,3,,,,,,,,,,
,,,,,1305,20.0,20,,,,,,,,,,
,,,,,1308,3.0,3,,,,,,,,,,
,,,,,1321,13.0,13,,,,,,,,,,
,,,,,1334,13.0,13,,,,,,,,,,
,,,,,1339,5.0,5,,,,,,,,,,
,,,,,1344,5.0,5,,,,,,,,,,
,,,,,1359,15.0,15,,,,,,,,,,
,,,,,1364,5.0,5,,,,,,,,,,
,,,,,1375,11.0,11,,,,,,,,,,
,,,,,1381,6.0,6,,,,,,,,,,
,,,,,1391,10.0,10,,,,,,,,,,
,,,,,1399,8.0,8,,,,,,,,,,
,,,,,1403,4.0,4,,,,,,,,,,
,,,,,1409,6.0,6,,,,,,,,,,
,,,,,1414,5.0,5,,,,,,,,,,
,,,,,1419,5.0,5,,,,,,,,,,
,,,,,1429,10.0,10,,,,,,,,,,
,,,,,1437,8.0,8,,,,,,,,,,
,,,,,1440,3.0,3,,,,,,,,,,
,,,,,1443,3.0,3,,,,,,,,,,
,,,,,1452,9.0,9,,,,,,,,,,
,,,,,1457,5.0,5,,,,,,,,,,
,,,,,1467,10.0,10,,,,,,,,,,
,,,,,1471,4.0,4,,,,,,,,,,
,,,,,1479,8.0,8,,,,,,,,,,
,,,,,1491,12.0,12,,,,,,,,,,
,,,,,1497,6.0,6,,,,,,,,,,
,,,,,1500,3.0,3,,,,,,,,,,
,,,,,1505,5.0,5,,,,,,,,,,
,,,,,1518,13.0,13,,,,,,,,,,
,,,,,1523,5.0,5,,,,,,,,,,
,,,,,1526,3.0,3,,,,,,,,,,
,,,,,1530,4.0,4,,,,,,,,,,
,,,,,1534,4.0,4,,,,,,,,,,
,,,,,1540,6.0,6,,,,,,,,,,
,,,,,1543,3.0,3,,,,,,,,,,
,,,,,1548,5.0,5,,,,,,,,,,
,,,,,1554,6.0,6,,,,,,,,,,
,,,,,1558,4.0,4,,,,,,,,,,
,,,,,1562,4.0,4,,,,,,,,,,
,,,,,1569,7.0,7,,,,,,,,,,
,,,,,1575,6.0,6,,,,,,,,,,
,,,,,1581,6.0,6,,,,,,,,,,
,,,,,1589,8.0,8,,,,,,,,,,
,,,,,1596,7.0,7,,,,,,,,,,
,,,,,1601,5.0,5,,,,,,,,,,
,,,,,1606,5.0,5,,,,,,,,,,
,,,,,1611,5.0,5,,,,,,,,,,
,,,,,1615,4.0,4,,,,,,,,,,
,,,,,1622,7.0,7,,,,,,,,,,
,,,,,1626,4.0,4,,,,,,,,,,
,,,,,1634,8.0,8,,,,,,,,,,
,,,,,1644,10.0,10,,,,,,,,,,
,,,,,1649,5.0,5,,,,,,,,,,
,,,,,1653,4.0,4,,,,,,,,,,
,,,,,1660,7.0,7,,,,,,,,,,
,,,,,1670,10.0,10,,,,,,,,,,
,,,,,1674,4.0,4,,,,,,,,,,
,,,,,1677,3.0,3,,,,,,,,,,
,,,,,1683,6.0,6,,,,,,,,,,
,,,,,1688,5.0,5,,,,,,,,,,
,,,,,1693,5.0,5,,,,,,,,,,
,,,,,1703,10.0,10,,,,,,,,,,
,,,,,1710,7.0,7,,,,,,,,,,
,,,,,1716,6.0,6,,,,,,,,,,
,,,,,1720,4.0,4,,,,,,,,,,
,,,,,1724,4.0,4,,,,,,,,,,
,,,,,1730,6.0,6,,,,,,,,,,
,,,,,1736,6.0,6,,,,,,,,,,
,,,,,1756,20.0,20,,,,,,,,,,
,,,,,1760,4.0,4,,,,,,,,,,
,,,,,1765,5.0,5,,,,,,,,,,
,,,,,1769,4.0,4,,,,,,,,,,
,,,,,1772,3.0,3,,,,,,,,,,
,,,,,1781,9.0,9,,,,,,,,,,
,,,,,1784,3.0,3,,,,,,,,,,
,,,,,1787,3.0,3,,,,,,,,,,
,,,,,1796,9.0,9,,,,,,,,,,
,,,,,1803,7.0,7,,,,,,,,,,
,,,,,1810,7.0,7,,,,,,,,,,
,,,,,1814,4.0,4,,,,,,,,,,
,,,,,1817,3.0,3,,,,,,,,,,
,,,,,1828,11.0,11,,,,,,,,,,
,,,,,1835,7.0,7,,,,,,,,,,
,,,,,1842,7.0,7,,,,,,,,,,
,,,,,1863,21.0,21,,,,,,,,,,
,,,,,1875,12.0,12,,,,,,,,,,
,,,,,1884,9.0,9,,,,,,,,,,
,,,,,1887,3.0,3,,,,,,,,,,
,,,,,1893,6.0,6,,,,,,,,,,
,,,,,1896,3.0,3,,,,,,,,,,
,,,,,1901,5.0,5,,,,,,,,,,
,,,,,1904,3.0,3,,,,,,,,,,
,,,,,1913,9.0,9,,,,,,,,,,
,,,,,1922,9.0,9,,,,,,,,,,
,,,,,1927,5.0,5,,,,,,,,,,
,,,,,1932,5.0,5,,,,,,,,,,
,,,,,1941,9.0,9,,,,,,,,,,
,,,,,1957,16.0,16,,,,,,,,,,
,,,,,1960,3.0,3,,,,,,,,,,
,,,,,1980,20.0,20,,,,,,,,,,
,,,,,1986,6.0,6,,,,,,,,,,
,,,,,2001,15.0,15,,,,,,,,,,
,,,,,2004,3.0,3,,,,,,,,,,
,,,,,2008,4.0,4,,,,,,,,,,
,,,,,2013,5.0,5,,,,,,,,,,
,,,,,2024,11.0,11,,,,,,,,,,
,,,,,2028,4.0,4,,,,,,,,,,
,,,,,2037,9.0,9,,,,,,,,,,
,,,,,2040,3.0,3,,,,,,,,,,
,,,,,2044,4.0,4,,,,,,,,,,
,,,,,2048,4.0,4,,,,,,,,,,
,,,,,2054,6.0,6,,,,,,,,,,
,,,,,2058,4.0,4,,,,,,,,,,
,,,,,2062,4.0,4,,,,,,,,,,
,,,,,2067,5.0,5,,,,,,,,,,
,,,,,2075,8.0,8,,,,,,,,,,
,,,,,2081,6.0,6,,,,,,,,,,
,,,,,2086,5.0,5,,,,,,,,,,
,,,,,2093,7.0,7,,,,,,,,,,
,,,,,2099,6.0,6,,,,,,,,,,
,,,,,2106,7.0,7,,,,,,,,,,
,,,,,2111,5.0,5,,,,,,,,,,
,,,,,2120,9.0,9,,,,,,,,,,
,,,,,2123,3.0,3,,,,,,,,,,
,,,,,2126,3.0,3,,,,,,,,,,
,,,,,2135,9.0,9,,,,,,,,,,
,,,,,2141,6.0,6,,,,,,,,,,
,,,,,2148,7.0,7,,,,,,,,,,
,,,,,2152,4.0,4,,,,,,,,,,
,,,,,2156,4.0,4,,,,,,,,,,
,,,,,2164,8.0,8,,,,,,,,,,
,,,,,2172,8.0,8,,,,,,,,,,
,,,,,2177,5.0,5,,,,,,,,,,
,,,,,2183,6.0,6,,,,,,,,,,
,,,,,2187,4.0,4,,,,,,,,,,
,,,,,2192,5.0,5,,,,,,,,,,
,,,,,2197,5.0,5,,,,,,,,,,
,,,,,2202,5.0,5,,,,,,,,,,
,,,,,2210,8.0,8,,,,,,,,,,
,,,,,2216,6.0,6,,,,,,,,,,
,,,,,2220,4.0,4,,,,,,,,,,
,,,,,2225,5.0,5,,,,,,,,,,
,,,,,2230,5.0,5,,,,,,,,,,
,,,,,2241,11.0,11,,,,,,,,,,
,,,,,2247,6.0,6,,,,,,,,,,
,,,,,2251,4.0,4,,,,,,,,,,
,,,,,2255,4.0,4,,,,,,,,,,
,,,,,2258,3.0,3,,,,,,,,,,
,,,,,2263,5.0,5,,,,,,,,,,
,,,,,2269,6.0,6,,,,,,,,,,
,,,,,2273,4.0,4,,,,,,,,,,
,,,,,2278,5.0,5,,,,,,,,,,
,,,,,2290,12.0,12,,,,,,,,,,
,,,,,2294,4.0,4,,,,,,,,,,
,,,,,2309,15.0,15,,,,,,,,,,
,,,,,2315,6.0,6,,,,,,,,,,
,,,,,2318,3.0,3,,,,,,,,,,
,,,,,2323,5.0,5,,,,,,,,,,
,,,,,2331,8.0,8,,,,,,,,,,
,,,,,2341,10.0,10,,,,,,,,,,
,,,,,2345,4.0,4,,,,,,,,,,
,,,,,2348,3.0,3,,,,,,,,,,
,,,,,2361,13.0,13,,,,,,,,,,
,,,,,2365,4.0,4,,,,,,,,,,
,,,,,2369,4.0,4,,,,,,,,,,
,,,,,2372,3.0,3,,,,,,,,,,
,,,,,2394,22.0,22,,,,,,,,,,
,,,,,2399,5.0,5,,,,,,,,,,
,,,,,2403,4.0,4,,,,,,,,,,
,,,,,2409,6.0,6,,,,,,,,,,
,,,,,2415,6.0,6,,,,,,,,,,
,,,,,2421,6.0,6,,,,,,,,,,
,,,,,2425,4.0,4,,,,,,,,,,
,,,,,2432,7.0,7,,,,,,,,,,
,,,,,2445,13.0,13,,,,,,,,,,
,,,,,2452,7.0,7,,,,,,,,,,
,,,,,2471,19.0,19,,,,,,,,,,
,,,,,2476,5.0,5,,,,,,,,,,
,,,,,2490,14.0,14,,,,,,,,,,
,,,,,2494,4.0,4,,,,,,,,,,
,,,,,2499,5.0,5,,,,,,,,,,
,,,,,2513,14.0,14,,,,,,,,,,
,,,,,2519,6.0,6,,,,,,,,,,
,,,,,2530,11.0,11,,,,,,,,,,
,,,,,2541,11.0,11,,,,,,,,,,
,,,,,2545,4.0,4,,,,,,,,,,
,,,,,2557,12.0,12,,,,,,,,,,
,,,,,2562,5.0,5,,,,,,,,,,
,,,,,2566,4.0,4,,,,,,,,,,
,,,,,2571,5.0,5,,,,,,,,,,
,,,,,2585,14.0,14,,,,,,,,,,
,,,,,2591,6.0,6,,,,,,,,,,
,,,,,2601,10.0,10,,,,,,,,,,
,,,,,2605,4.0,4,,,,,,,,,,
,,,,,2608,3.0,3,,,,,,,,,,
,,,,,2611,3.0,3,,,,,,,,,,
,,,,,2614,3.0,3,,,,,,,,,,
,,,,,2624,10.0,10,,,,,,,,,,
,,,,,2628,4.0,4,,,,,,,,,,
,,,,,2632,4.0,4,,,,,,,,,,
,,,,,2641,9.0,9,,,,,,,,,,
,,,,,2647,6.0,6,,,,,,,,,,
,,,,,2651,4.0,4,,,,,,,,,,
,,,,,2662,11.0,11,,,,,,,,,,
,,,,,2669,7.0,7,,,,,,,,,,
,,,,,2672,3.0,3,,,,,,,,,,
,,,,,2681,9.0,9,,,,,,,,,,
,,,,,2687,6.0,6,,,,,,,,,,
,,,,,2692,5.0,5,,,,,,,,,,
,,,,,2700,8.0,8,,,,,,,,,,
,,,,,2705,5.0,5,,,,,,,,,,
,,,,,2712,7.0,7,,,,,,,,,,
,,,,,2730,18.0,18,,,,,,,,,,
,,,,,2734,4.0,4,,,,,,,,,,
,,,,,2746,12.0,12,,,,,,,,,,
,,,,,2752,6.0,6,,,,,,,,,,
,,,,,2755,3.0,3,,,,,,,,,,
,,,,,2761,6.0,6,,,,,,,,,,
,,,,,2768,7.0,7,,,,,,,,,,
,,,,,2773,5.0,5,,,,,,,,,,
,,,,,2778,5.0,5,,,,,,,,,,
,,,,,2784,6.0,6,,,,,,,,,,
,,,,,2796,12.0,12,,,,,,,,,,
,,,,,2802,6.0,6,,,,,,,,,,
,,,,,2814,12.0,12,,,,,,,,,,
,,,,,2817,3.0,3,,,,,,,,,,
,,,,,2822,5.0,5,,,,,,,,,,
,,,,,2829,7.0,7,,,,,,,,,,
,,,,,2835,6.0,6,,,,,,,,,,
,,,,,2841,6.0,6,,,,,,,,,,
,,,,,2846,5.0,5,,,,,,,,,,
,,,,,2849,3.0,3,,,,,,,,,,
,,,,,2854,5.0,5,,,,,,,,,,
,,,,,2860,6.0,6,,,,,,,,,,
,,,,,2874,14.0,14,,,,,,,,,,
,,,,,2878,4.0,4,,,,,,,,,,
,,,,,2885,7.0,7,,,,,,,,,,
,,,,,2889,4.0,4,,,,,,,,,,
,,,,,2893,4.0,4,,,,,,,,,,
,,,,,2900,7.0,7,,,,,,,,,,
,,,,,2911,11.0,11,,,,,,,,,,
,,,,,2915,4.0,4,,,,,,,,,,
,,,,,2923,8.0,8,,,,,,,,,,
,,,,,2927,4.0,4,,,,,,,,,,
,,,,,2930,3.0,3,,,,,,,,,,
,,,,,2933,3.0,3,,,,,,,,,,
,,,,,2944,11.0,11,,,,,,,,,,
,,,,,2951,7.0,7,,,,,,,,,,
,,,,,2958,7.0,7,,,,,,,,,,
,,,,,2961,3.0,3,,,,,,,,,,
,,,,,2966,5.0,5,,,,,,,,,,
,,,,,2974,8.0,8,,,,,,,,,,
,,,,,2978,4.0,4,,,,,,,,,,
,,,,,2989,11.0,11,,,,,,,,,,
,,,,,2993,4.0,4,,,,,,,,,,
,,,,,3003,10.0,10,,,,,,,,,,
,,,,,3011,8.0,8,,,,,,,,,,
,,,,,3016,5.0,5,,,,,,,,,,
,,,,,3027,11.0,11,,,,,,,,,,
,,,,,3031,4.0,4,,,,,,,,,,
,,,,,3037,6.0,6,,,,,,,,,,
,,,,,3042,5.0,5,,,,,,,,,,
,,,,,3051,9.0,9,,,,,,,,,,
,,,,,3062,11.0,11,,,,,,,,,,
,,,,,3074,12.0,12,,,,,,,,,,
,,,,,3095,21.0,21,,,,,,,,,,
,,,,,3108,13.0,13,,,,,,,,,,
,,,,,3118,10.0,10,,,,,,,,,,
,,,,,3122,4.0,4,,,,,,,,,,
,,,,,3126,4.0,4,,,,,,,,,,
,,,,,3133,7.0,7,,,,,,,,,,
,,,,,3141,8.0,8,,,,,,,,,,
,,,,,3144,3.0,3,,,,,,,,,,
,,,,,3149,5.0,5,,,,,,,,,,
,,,,,3154,5.0,5,,,,,,,,,,
,,,,,3158,4.0,4,,,,,,,,,,
,,,,,3163,5.0,5,,,,,,,,,,
,,,,,3166,3.0,3,,,,,,,,,,
,,,,,3172,6.0,6,,,,,,,,,,
,,,,,3179,7.0,7,,,,,,,,,,
,,,,,3192,13.0,13,,,,,,,,,,
,,,,,3211,19.0,19,,,,,,,,,,
,,,,,3217,6.0,6,,,,,,,,,,
,,,,,3222,5.0,5,,,,,,,,,,
,,,,,3225,3.0,3,,,,,,,,,,
,,,,,3232,7.0,7,,,,,,,,,,
,,,,,3237,5.0,5,,,,,,,,,,
,,,,,3241,4.0,4,,,,,,,,,,
,,,,,3245,4.0,4,,,,,,,,,,
,,,,,3249,4.0,4,,,,,,,,,,
,,,,,3255,6.0,6,,,,,,,,,,
,,,,,3269,14.0,14,,,,,,,,,,
,,,,,3276,7.0,7,,,,,,,,,,
,,,,,3280,4.0,4,,,,,,,,,,
,,,,,3283,3.0,3,,,,,,,,,,
,,,,,3293,10.0,10,,,,,,,,,,
,,,,,3303,10.0,10,,,,,,,,,,
,,,,,3307,4.0,4,,,,,,,,,,
,,,,,3318,11.0,11,,,,,,,,,,
,,,,,3322,4.0,4,,,,,,,,,,
,,,,,3330,8.0,8,,,,,,,,,,
,,,,,3335,5.0,5,,,,,,,,,,
,,,,,3339,4.0,4,,,,,,,,,,
,,,,,3351,12.0,12,,,,,,,,,,
,,,,,3355,4.0,4,,,,,,,,,,
,,,,,3360,5.0,5,,,,,,,,,,
,,,,,3363,3.0,3,,,,,,,,,,
,,,,,3386,23.0,23,,,,,,,,,,
,,,,,3391,5.0,5,,,,,,,,,,
,,,,,3396,5.0,5,,,,,,,,,,
,,,,,3402,6.0,6,,,,,,,,,,
,,,,,3410,8.0,8,,,,,,,,,,
,,,,,3425,15.0,15,,,,,,,,,,
,,,,,3429,4.0,4,,,,,,,,,,
,,,,,3436,7.0,7,,,,,,,,,,
,,,,,3445,9.0,9,,,,,,,,,,
,,,,,3455,10.0,10,,,,,,,,,,
,,,,,3459,4.0,4,,,,,,,,,,
,,,,,3469,10.0,10,,,,,,,,,,
,,,,,3473,4.0,4,,,,,,,,,,
,,,,,3476,3.0,3,,,,,,,,,,
,,,,,3482,6.0,6,,,,,,,,,,
,,,,,3500,18.0,18,,,,,,,,,,
,,,,,3505,5.0,5,,,,,,,,,,
,,,,,3513,8.0,8,,,,,,,,,,
,,,,,3516,3.0,3,,,,,,,,,,
,,,,,3522,6.0,6,,,,,,,,,,
,,,,,3525,3.0,3,,,,,,,,,,
,,,,,3530,5.0,5,,,,,,,,,,
,,,,,3539,9.0,9,,,,,,,,,,
,,,,,3547,8.0,8,,,,,,,,,,
,,,,,3551,4.0,4,,,,,,,,,,
,,,,,3560,9.0,9,,,,,,,,,,
,,,,,3582,22.0,22,,,,,,,,,,
,,,,,3589,7.0,7,,,,,,,,,,
,,,,,3593,4.0,4,,,,,,,,,,
,,,,,3604,11.0,11,,,,,,,,,,
,,,,,3613,9.0,9,,,,,,,,,,
,,,,,3616,3.0,3,,,,,,,,,,
,,,,,3624,8.0,8,,,,,,,,,,
,,,,,3632,8.0,8,,,,,,,,,,
,,,,,3637,5.0,5,,,,,,,,,,
,,,,,3640,3.0,3,,,,,,,,,,
,,,,,3647,7.0,7,,,,,,,,,,
,,,,,3654,7.0,7,,,,,,,,,,
,,,,,3663,9.0,9,,,,,,,,,,
,,,,,3669,6.0,6,,,,,,,,,,
,,,,,3673,4.0,4,,,,,,,,,,
,,,,,3677,4.0,4,,,,,,,,,,
,,,,,3683,6.0,6,,,,,,,,,,
,,,,,3689,6.0,6,,,,,,,,,,
,,,,,3692,3.0,3,,,,,,,,,,
,,,,,3697,5.0,5,,,,,,,,,,
,,,,,3704,7.0,7,,,,,,,,,,
,,,,,3710,6.0,6,,,,,,,,,,
,,,,,3717,7.0,7,,,,,,,,,,
,,,,,3724,7.0,7,,,,,,,,,,
,,,,,3730,6.0,6,,,,,,,,,,
,,,,,3739,9.0,9,,,,,,,,,,
,,,,,3745,6.0,6,,,,,,,,,,
,,,,,3750,5.0,5,,,,,,,,,,
,,,,,3754,4.0,4,,,,,,,,,,
,,,,,3757,3.0,3,,,,,,,,,,
,,,,,3761,4.0,4,,,,,,,,,,
,,,,,3769,8.0,8,,,,,,,,,,
,,,,,3772,3.0,3,,,,,,,,,,
,,,,,3786,14.0,14,,,,,,,,,,
,,,,,3790,4.0,4,,,,,,,,,,
,,,,,3803,13.0,13,,,,,,,,,,
,,,,,3809,6.0,6,,,,,,,,,,
,,,,,3819,10.0,10,,,,,,,,,,
,,,,,3824,5.0,5,,,,,,,,,,
,,,,,3848,24.0,24,,,,,,,,,,
,,,,,3856,8.0,8,,,,,,,,,,
,,,,,3860,4.0,4,,,,,,,,,,
,,,,,3863,3.0,3,,,,,,,,,,
,,,,,3874,11.0,11,,,,,,,,,,
,,,,,3879,5.0,5,,,,,,,,,,
,,,,,3885,6.0,6,,,,,,,,,,
,,,,,3890,5.0,5,,,,,,,,,,
,,,,,3896,6.0,6,,,,,,,,,,
,,,,,3907,11.0,11,,,,,,,,,,
,,,,,3910,3.0,3,,,,,,,,,,
,,,,,3915,5.0,5,,,,,,,,,,
,,,,,3922,7.0,7,,,,,,,,,,
,,,,,3927,5.0,5,,,,,,,,,,
,,,,,3932,5.0,5,,,,,,,,,,
,,,,,3943,11.0,11,,,,,,,,,,
,,,,,3958,15.0,15,,,,,,,,,,
,,,,,3969,11.0,11,,,,,,,,,,
,,,,,3977,8.0,8,,,,,,,,,,
,,,,,3985,8.0,8,,,,,,,,,,
,,,,,3989,4.0,4,,,,,,,,,,
,,,,,3993,4.0,4,,,,,,,,,,
,,,,,4002,9.0,9,,,,,,,,,,
,,,,,4008,6.0,6,,,,,,,,,,
,,,,,4019,11.0,11,,,,,,,,,,
,,,,,4023,4.0,4,,,,,,,,,,
,,,,,4040,17.0,17,,,,,,,,,,
,,,,,4043,3.0,3,,,,,,,,,,
,,,,,4048,5.0,5,,,,,,,,,,
,,,,,4061,13.0,13,,,,,,,,,,
,,,,,4075,14.0,14,,,,,,,,,,
,,,,,4083,8.0,8,,,,,,,,,,
,,,,,4088,5.0,5,,,,,,,,,,
,,,,,4094,6.0,6,,,,,,,,,,
,,,,,4101,7.0,7,,,,,,,,,,
,,,,,4104,3.0,3,,,,,,,,,,
,,,,,4113,9.0,9,,,,,,,,,,
,,,,,4131,18.0,18,,,,,,,,,,
,,,,,4137,6.0,6,,,,,,,,,,
,,,,,4143,6.0,6,,,,,,,,,,
,,,,,4147,4.0,4,,,,,,,,,,
,,,,,4156,9.0,9,,,,,,,,,,
,,,,,4160,4.0,4,,,,,,,,,,
,,,,,4164,4.0,4,,,,,,,,,,
,,,,,4169,5.0,5,,,,,,,,,,
,,,,,4173,4.0,4,,,,,,,,,,
,,,,,4183,10.0,10,,,,,,,,,,
,,,,,4188,5.0,5,,,,,,,,,,
,,,,,4197,9.0,9,,,,,,,,,,
,,,,,4206,9.0,9,,,,,,,,,,
,,,,,4211,5.0,5,,,,,,,,,,
,,,,,4225,14.0,14,,,,,,,,,,
,,,,,4231,6.0,6,,,,,,,,,,
,,,,,4237,6.0,6,,,,,,,,,,
,,,,,4246,9.0,9,,,,,,,,,,
,,,,,4253,7.0,7,,,,,,,,,,
,,,,,4258,5.0,5,,,,,,,,,,
,,,,,4263,5.0,5,,,,,,,,,,
,,,,,4266,3.0,3,,,,,,,,,,
,,,,,4275,9.0,9,,,,,,,,,,
,,,,,4278,3.0,3,,,,,,,,,,
,,,,,4282,4.0,4,,,,,,,,,,
,,,,,4285,3.0,3,,,,,,,,,,
,,,,,4293,8.0,8,,,,,,,,,,
,,,,,4301,8.0,8,,,,,,,,,,
,,,,,4313,12.0,12,,,,,,,,,,
,,,,,4318,5.0,5,,,,,,,,,,
,,,,,4326,8.0,8,,,,,,,,,,
,,,,,4334,8.0,8,,,,,,,,,,
,,,,,4339,5.0,5,,,,,,,,,,
,,,,,4343,4.0,4,,,,,,,,,,
,,,,,4350,7.0,7,,,,,,,,,,
,,,,,4365,15.0,15,,,,,,,,,,
,,,,,4387,22.0,22,,,,,,,,,,
,,,,,4393,6.0,6,,,,,,,,,,
,,,,,4397,4.0,4,,,,,,,,,,
,,,,,4402,5.0,5,,,,,,,,,,
,,,,,4405,3.0,3,,,,,,,,,,
,,,,,4411,6.0,6,,,,,,,,,,
,,,,,4420,9.0,9,,,,,,,,,,
,,,,,4427,7.0,7,,,,,,,,,,
,,,,,4433,6.0,6,,,,,,,,,,
,,,,,4443,10.0,10,,,,,,,,,,
,,,,,4450,7.0,7,,,,,,,,,,
,,,,,4461,11.0,11,,,,,,,,,,
,,,,,4465,4.0,4,,,,,,,,,,
,,,,,4472,7.0,7,,,,,,,,,,
,,,,,4477,5.0,5,,,,,,,,,,
,,,,,4484,7.0,7,,,,,,,,,,
,,,,,4489,5.0,5,,,,,,,,,,
,,,,,4497,8.0,8,,,,,,,,,,
,,,,,4501,4.0,4,,,,,,,,,,
,,,,,4512,11.0,11,,,,,,,,,,
,,,,,4516,4.0,4,,,,,,,,,,
,,,,,4523,7.0,7,,,,,,,,,,
,,,,,4526,3.0,3,,,,,,,,,,
,,,,,4531,5.0,5,,,,,,,,,,
,,,,,4537,6.0,6,,,,,,,,,,
,,,,,4541,4.0,4,,,,,,,,,,
,,,,,4544,3.0,3,,,,,,,,,,
,,,,,4554,10.0,10,,,,,,,,,,
,,,,,4563,9.0,9,,,,,,,,,,
,,,,,4566,3.0,3,,,,,,,,,,
,,,,,4572,6.0,6,,,,,,,,,,
,,,,,4578,6.0,6,,,,,,,,,,
,,,,,4584,6.0,6,,,,,,,,,,
,,,,,4600,16.0,16,,,,,,,,,,
,,,,,4609,9.0,9,,,,,,,,,,
,,,,,4613,4.0,4,,,,,,,,,,
,,,,,4617,4.0,4,,,,,,,,,,
,,,,,4620,3.0,3,,,,,,,,,,
,,,,,4624,4.0,4,,,,,,,,,,
,,,,,4644,20.0,20,,,,,,,,,,
,,,,,4649,5.0,5,,,,,,,,,,
,,,,,4653,4.0,4,,,,,,,,,,
,,,,,4657,4.0,4,,,,,,,,,,
,,,,,4662,5.0,5,,,,,,,,,,
,,,,,4673,11.0,11,,,,,,,,,,
,,,,,4678,5.0,5,,,,,,,,,,
,,,,,4689,11.0,11,,,,,,,,,,
,,,,,4705,16.0,16,,,,,,,,,,
,,,,,4715,10.0,10,,,,,,,,,,
,,,,,4725,10.0,10,,,,,,,,,,
,,,,,4730,5.0,5,,,,,,,,,,
,,,,,4738,8.0,8,,,,,,,,,,
,,,,,4741,3.0,3,,,,,,,,,,
,,,,,4747,6.0,6,,,,,,,,,,
,,,,,4751,4.0,4,,,,,,,,,,
,,,,,4755,4.0,4,,,,,,,,,,
,,,,,4766,11.0,11,,,,,,,,,,
,,,,,4778,12.0,12,,,,,,,,,,
,,,,,4787,9.0,9,,,,,,,,,,
,,,,,4794,7.0,7,,,,,,,,,,
,,,,,4802,8.0,8,,,,,,,,,,
,,,,,4808,6.0,6,,,,,,,,,,
,,,,,4812,4.0,4,,,,,,,,,,
,,,,,4817,5.0,5,,,,,,,,,,
,,,,,4836,19.0,19,,,,,,,,,,
,,,,,4840,4.0,4,,,,,,,,,,
,,,,,4849,9.0,9,,,,,,,,,,
,,,,,4856,7.0,7,,,,,,,,,,
,,,,,4859,3.0,3,,,,,,,,,,
,,,,,4866,7.0,7,,,,,,,,,,
,,,,,4870,4.0,4,,,,,,,,,,
,,,,,4873,3.0,3,,,,,,,,,,
,,,,,4876,3.0,3,,,,,,,,,,
,,,,,4881,5.0,5,,,,,,,,,,
,,,,,4887,6.0,6,,,,,,,,,,
,,,,,4896,9.0,9,,,,,,,,,,
,,,,,4911,15.0,15,,,,,,,,,,
,,,,,4917,6.0,6,,,,,,,,,,
,,,,,4922,5.0,5,,,,,,,,,,
,,,,,4928,6.0,6,,,,,,,,,,
,,,,,4934,6.0,6,,,,,,,,,,
,,,,,4937,3.0,3,,,,,,,,,,
,,,,,4945,8.0,8,,,,,,,,,,
,,,,,4950,5.0,5,,,,,,,,,,
,,,,,4954,4.0,4,,,,,,,,,,
,,,,,4960,6.0,6,,,,,,,,,,
,,,,,4977,17.0,17,,,,,,,,,,
,,,,,4981,4.0,4,,,,,,,,,,
,,,,,4985,4.0,4,,,,,,,,,,
,,,,,4988,3.0,3,,,,,,,,,,
,,,,,4992,4.0,4,,,,,,,,,,
,,,,,4996,4.0,4,,,,,,,,,,
5.7,2.6095977,11.0,3.0,5.7,5000,,,-0.1390714943408966,0.6557160019874573,1.1035184860229492,0.05384025350213051,1.1030738353729248,0.10000000149011612,0.16275553405284882,0.0003,0.0003,0.09999001026153564
,,,,,5003,7.0,7,,,,,,,,,,
,,,,,5009,6.0,6,,,,,,,,,,
,,,,,5029,20.0,20,,,,,,,,,,
,,,,,5033,4.0,4,,,,,,,,,,
,,,,,5036,3.0,3,,,,,,,,,,
,,,,,5042,6.0,6,,,,,,,,,,
,,,,,5051,9.0,9,,,,,,,,,,
,,,,,5068,17.0,17,,,,,,,,,,
,,,,,5073,5.0,5,,,,,,,,,,
,,,,,5077,4.0,4,,,,,,,,,,
,,,,,5084,7.0,7,,,,,,,,,,
,,,,,5088,4.0,4,,,,,,,,,,
,,,,,5099,11.0,11,,,,,,,,,,
,,,,,5108,9.0,9,,,,,,,,,,
,,,,,5113,5.0,5,,,,,,,,,,
,,,,,5118,5.0,5,,,,,,,,,,
,,,,,5122,4.0,4,,,,,,,,,,
,,,,,5125,3.0,3,,,,,,,,,,
,,,,,5130,5.0,5,,,,,,,,,,
,,,,,5134,4.0,4,,,,,,,,,,
,,,,,5138,4.0,4,,,,,,,,,,
,,,,,5143,5.0,5,,,,,,,,,,
,,,,,5157,14.0,14,,,,,,,,,,
,,,,,5163,6.0,6,,,,,,,,,,
,,,,,5169,6.0,6,,,,,,,,,,
,,,,,5174,5.0,5,,,,,,,,,,
,,,,,5177,3.0,3,,,,,,,,,,
,,,,,5181,4.0,4,,,,,,,,,,
,,,,,5197,16.0,16,,,,,,,,,,
,,,,,5204,7.0,7,,,,,,,,,,
,,,,,5209,5.0,5,,,,,,,,,,
,,,,,5218,9.0,9,,,,,,,,,,
,,,,,5234,16.0,16,,,,,,,,,,
,,,,,5238,4.0,4,,,,,,,,,,
,,,,,5245,7.0,7,,,,,,,,,,
,,,,,5250,5.0,5,,,,,,,,,,
,,,,,5253,3.0,3,,,,,,,,,,
,,,,,5256,3.0,3,,,,,,,,,,
,,,,,5261,5.0,5,,,,,,,,,,
,,,,,5271,10.0,10,,,,,,,,,,
,,,,,5277,6.0,6,,,,,,,,,,
,,,,,5285,8.0,8,,,,,,,,,,
,,,,,5295,10.0,10,,,,,,,,,,
,,,,,5309,14.0,14,,,,,,,,,,
,,,,,5320,11.0,11,,,,,,,,,,
,,,,,5326,6.0,6,,,,,,,,,,
,,,,,5329,3.0,3,,,,,,,,,,
,,,,,5337,8.0,8,,,,,,,,,,
,,,,,5343,6.0,6,,,,,,,,,,
,,,,,5347,4.0,4,,,,,,,,,,
,,,,,5363,16.0,16,,,,,,,,,,
,,,,,5369,6.0,6,,,,,,,,,,
,,,,,5393,24.0,24,,,,,,,,,,
,,,,,5403,10.0,10,,,,,,,,,,
,,,,,5414,11.0,11,,,,,,,,,,
,,,,,5418,4.0,4,,,,,,,,,,
,,,,,5422,4.0,4,,,,,,,,,,
,,,,,5431,9.0,9,,,,,,,,,,
,,,,,5435,4.0,4,,,,,,,,,,
,,,,,5453,18.0,18,,,,,,,,,,
,,,,,5484,31.0,31,,,,,,,,,,
,,,,,5489,5.0,5,,,,,,,,,,
,,,,,5504,15.0,15,,,,,,,,,,
,,,,,5536,32.0,32,,,,,,,,,,
,,,,,5550,14.0,14,,,,,,,,,,
,,,,,5588,38.0,38,,,,,,,,,,
,,,,,5617,29.0,29,,,,,,,,,,
,,,,,5642,25.0,25,,,,,,,,,,
,,,,,5686,44.0,44,,,,,,,,,,
,,,,,5720,34.0,34,,,,,,,,,,
,,,,,5747,27.0,27,,,,,,,,,,
,,,,,5769,22.0,22,,,,,,,,,,
,,,,,5808,39.0,39,,,,,,,,,,
,,,,,5851,43.0,43,,,,,,,,,,
,,,,,5874,23.0,23,,,,,,,,,,
,,,,,5904,30.0,30,,,,,,,,,,
,,,,,5939,35.0,35,,,,,,,,,,
,,,,,6000,61.0,61,,,,,,,,,,
,,,,,6000,,,-4.650867462158203,-0.5540148019790649,0.6036678552627563,4.120067119598389,4.189576148986816,0.09282372146844864,0.05051898956298828,0.0003,0.0003,0.09281976521015167
,,,,,6055,55.0,55,,,,,,,,,,
,,,,,6133,78.0,78,,,,,,,,,,
,,,,,6197,64.0,64,,,,,,,,,,
,,,,,6226,29.0,29,,,,,,,,,,
,,,,,6275,49.0,49,,,,,,,,,,
,,,,,6373,98.0,98,,,,,,,,,,
,,,,,6436,63.0,63,,,,,,,,,,
,,,,,6479,43.0,43,,,,,,,,,,
,,,,,6536,57.0,57,,,,,,,,,,
,,,,,6586,50.0,50,,,,,,,,,,
,,,,,6645,59.0,59,,,,,,,,,,
,,,,,6709,64.0,64,,,,,,,,,,
,,,,,6773,64.0,64,,,,,,,,,,
,,,,,6841,68.0,68,,,,,,,,,,
,,,,,6896,55.0,55,,,,,,,,,,
,,,,,6946,50.0,50,,,,,,,,,,
,,,,,7000,,,-9.29491901397705,-0.9834737777709961,1.5566004514694214,8.381204605102539,8.279939651489258,0.09021098166704178,0.002720106393098831,0.0003,0.0003,0.09020984172821045
,,,,,7010,64.0,64,,,,,,,,,,
,,,,,7082,72.0,72,,,,,,,,,,
,,,,,7144,62.0,62,,,,,,,,,,
,,,,,7211,67.0,67,,,,,,,,,,
,,,,,7293,82.0,82,,,,,,,,,,
,,,,,7368,75.0,75,,,,,,,,,,
,,,,,7460,92.0,92,,,,,,,,,,
,,,,,7565,105.0,105,,,,,,,,,,
,,,,,7661,96.0,96,,,,,,,,,,
,,,,,7760,99.0,99,,,,,,,,,,
,,,,,7837,77.0,77,,,,,,,,,,
,,,,,7912,75.0,75,,,,,,,,,,
,,,,,8000,,,-14.275309562683105,-0.8860296607017517,1.7237977981567383,12.245960235595703,12.173469543457031,0.08895973861217499,-0.0011086680460721254,0.0003,0.0003,0.08895693719387054
,,,,,8056,144.0,144,,,,,,,,,,
,,,,,8139,83.0,83,,,,,,,,,,
,,,,,8232,93.0,93,,,,,,,,,,
,,,,,8313,81.0,81,,,,,,,,,,
,,,,,8404,91.0,91,,,,,,,,,,
,,,,,8571,167.0,167,,,,,,,,,,
,,,,,8692,121.0,121,,,,,,,,,,
,,,,,8853,161.0,161,,,,,,,,,,
,,,,,8955,102.0,102,,,,,,,,,,
,,,,,9000,,,-19.67253303527832,-0.7167148590087891,3.2796664237976074,18.226364135742188,18.2294921875,0.08475230634212494,0.02840067446231842,0.0003,0.0003,0.08474690467119217
,,,,,9043,88.0,88,,,,,,,,,,
,,,,,9148,105.0,105,,,,,,,,,,
,,,,,9229,81.0,81,,,,,,,,,,
,,,,,9331,102.0,102,,,,,,,,,,
,,,,,9404,73.0,73,,,,,,,,,,
,,,,,9477,73.0,73,,,,,,,,,,
,,,,,9583,106.0,106,,,,,,,,,,
,,,,,9681,98.0,98,,,,,,,,,,
,,,,,9821,140.0,140,,,,,,,,,,
,,,,,9911,90.0,90,,,,,,,,,,
,,,,,9986,75.0,75,,,,,,,,,,
94.4,13.49222,128.0,79.0,94.4,10000,,,-23.578317642211914,-0.834580659866333,4.280750751495361,21.177783966064453,20.952003479003906,0.07775980979204178,0.020483361557126045,0.0003,0.0003,0.07775270938873291
,,,,,10080,94.0,94,,,,,,,,,,
,,,,,10165,85.0,85,,,,,,,,,,
,,,,,10233,68.0,68,,,,,,,,,,
,,,,,10304,71.0,71,,,,,,,,,,
,,,,,10378,74.0,74,,,,,,,,,,
,,,,,10449,71.0,71,,,,,,,,,,
,,,,,10519,70.0,70,,,,,,,,,,
,,,,,10582,63.0,63,,,,,,,,,,
,,,,,10644,62.0,62,,,,,,,,,,
,,,,,10712,68.0,68,,,,,,,,,,
,,,,,10782,70.0,70,,,,,,,,,,
,,,,,10853,71.0,71,,,,,,,,,,
,,,,,10914,61.0,61,,,,,,,,,,
,,,,,10979,65.0,65,,,,,,,,,,
,,,,,11000,,,-27.872543334960938,-0.6005821228027344,8.40975284576416,25.39810562133789,25.380985260009766,0.07113133370876312,0.02459738217294216,0.0003,0.0003,0.0711251050233841
,,,,,11035,56.0,56,,,,,,,,,,
,,,,,11107,72.0,72,,,,,,,,,,
,,,,,11175,68.0,68,,,,,,,,,,
,,,,,11235,60.0,60,,,,,,,,,,
,,,,,11295,60.0,60,,,,,,,,,,
,,,,,11356,61.0,61,,,,,,,,,,
,,,,,11415,59.0,59,,,,,,,,,,
,,,,,11482,67.0,67,,,,,,,,,,
,,,,,11541,59.0,59,,,,,,,,,,
,,,,,11608,67.0,67,,,,,,,,,,
,,,,,11669,61.0,61,,,,,,,,,,
,,,,,11728,59.0,59,,,,,,,,,,
,,,,,11782,54.0,54,,,,,,,,,,
,,,,,11843,61.0,61,,,,,,,,,,
,,,,,11897,54.0,54,,,,,,,,,,
,,,,,11960,63.0,63,,,,,,,,,,
,,,,,12000,,,-30.90147590637207,-1.0239231586456299,7.557522773742676,28.269222259521484,28.158584594726562,0.06604050099849701,0.005970411468297243,0.0003,0.0003,0.06603621691465378
,,,,,12023,63.0,63,,,,,,,,,,
,,,,,12084,61.0,61,,,,,,,,,,
,,,,,12146,62.0,62,,,,,,,,,,
,,,,,12205,59.0,59,,,,,,,,,,
,,,,,12263,58.0,58,,,,,,,,,,
,,,,,12319,56.0,56,,,,,,,,,,
,,,,,12381,62.0,62,,,,,,,,,,
,,,,,12438,57.0,57,,,,,,,,,,
,,,,,12494,56.0,56,,,,,,,,,,
,,,,,12552,58.0,58,,,,,,,,,,
,,,,,12605,53.0,53,,,,,,,,,,
,,,,,12666,61.0,61,,,,,,,,,,
,,,,,12723,57.0,57,,,,,,,,,,
,,,,,12780,57.0,57,,,,,,,,,,
,,,,,12836,56.0,56,,,,,,,,,,
,,,,,12892,56.0,56,,,,,,,,,,
,,,,,12949,57.0,57,,,,,,,,,,
,,,,,13000,,,-33.92746353149414,-0.8315712213516235,6.137016296386719,31.697078704833984,31.659400939941406,0.06209709495306015,0.0038349111564457417,0.0003,0.0003,0.062094252556562424
,,,,,13003,54.0,54,,,,,,,,,,
,,,,,13057,54.0,54,,,,,,,,,,
,,,,,13115,58.0,58,,,,,,,,,,
,,,,,13170,55.0,55,,,,,,,,,,
,,,,,13230,60.0,60,,,,,,,,,,
,,,,,13289,59.0,59,,,,,,,,,,
,,,,,13352,63.0,63,,,,,,,,,,
,,,,,13409,57.0,57,,,,,,,,,,
,,,,,13473,64.0,64,,,,,,,,,,
,,,,,13534,61.0,61,,,,,,,,,,
,,,,,13592,58.0,58,,,,,,,,,,
,,,,,13657,65.0,65,,,,,,,,,,
,,,,,13720,63.0,63,,,,,,,,,,
,,,,,13780,60.0,60,,,,,,,,,,
,,,,,13871,91.0,91,,,,,,,,,,
,,,,,13936,65.0,65,,,,,,,,,,
,,,,,14000,64.0,64,,,,,,,,,,
,,,,,14000,,,-37.5307502746582,-0.9039772748947144,3.149244785308838,35.326690673828125,35.07534408569336,0.05893874540925026,0.004772850312292576,0.0003,0.0003,0.05893593654036522
,,,,,14063,63.0,63,,,,,,,,,,
,,,,,14153,90.0,90,,,,,,,,,,
,,,,,14225,72.0,72,,,,,,,,,,
,,,,,14304,79.0,79,,,,,,,,,,
,,,,,14375,71.0,71,,,,,,,,,,
,,,,,14449,74.0,74,,,,,,,,,,
,,,,,14522,73.0,73,,,,,,,,,,
,,,,,14635,113.0,113,,,,,,,,,,
,,,,,14728,93.0,93,,,,,,,,,,
,,,,,14788,60.0,60,,,,,,,,,,
,,,,,14838,50.0,50,,,,,,,,,,
,,,,,14894,56.0,56,,,,,,,,,,
,,,,,14945,51.0,51,,,,,,,,,,
,,,,,14997,52.0,52,,,,,,,,,,
54.1,2.1189618,57.0,51.0,54.1,15000,,,-40.046207427978516,-1.0258595943450928,12.784001350402832,37.92271041870117,37.60454559326172,0.05595424026250839,-0.004253795836120844,0.0003,0.0003,0.05595399811863899
,,,,,15053,56.0,56,,,,,,,,,,
,,,,,15108,55.0,55,,,,,,,,,,
,,,,,15158,50.0,50,,,,,,,,,,
,,,,,15207,49.0,49,,,,,,,,,,
,,,,,15258,51.0,51,,,,,,,,,,
,,,,,15309,51.0,51,,,,,,,,,,
,,,,,15360,51.0,51,,,,,,,,,,
,,,,,15409,49.0,49,,,,,,,,,,
,,,,,15461,52.0,52,,,,,,,,,,
,,,,,15512,51.0,51,,,,,,,,,,
,,,,,15563,51.0,51,,,,,,,,,,
,,,,,15615,52.0,52,,,,,,,,,,
,,,,,15669,54.0,54,,,,,,,,,,
,,,,,15719,50.0,50,,,,,,,,,,
,,,,,15771,52.0,52,,,,,,,,,,
,,,,,15823,52.0,52,,,,,,,,,,
,,,,,15873,50.0,50,,,,,,,,,,
,,,,,15921,48.0,48,,,,,,,,,,
,,,,,15974,53.0,53,,,,,,,,,,
,,,,,16000,,,-42.94804382324219,-1.1487796306610107,11.597471237182617,40.274505615234375,40.180206298828125,0.05857081711292267,-0.013893996365368366,0.0003,0.0003,0.058576375246047974
,,,,,16027,53.0,53,,,,,,,,,,
,,,,,16078,51.0,51,,,,,,,,,,
,,,,,16133,55.0,55,,,,,,,,,,
,,,,,16186,53.0,53,,,,,,,,,,
,,,,,16239,53.0,53,,,,,,,,,,
,,,,,16292,53.0,53,,,,,,,,,,
,,,,,16346,54.0,54,,,,,,,,,,
,,,,,16400,54.0,54,,,,,,,,,,
,,,,,16454,54.0,54,,,,,,,,,,
,,,,,16510,56.0,56,,,,,,,,,,
,,,,,16570,60.0,60,,,,,,,,,,
,,,,,16623,53.0,53,,,,,,,,,,
,,,,,16691,68.0,68,,,,,,,,,,
,,,,,16750,59.0,59,,,,,,,,,,
,,,,,16805,55.0,55,,,,,,,,,,
,,,,,16858,53.0,53,,,,,,,,,,
,,,,,16916,58.0,58,,,,,,,,,,
,,,,,16972,56.0,56,,,,,,,,,,
,,,,,17000,,,-46.218971252441406,-1.232215404510498,14.021636962890625,43.77607727050781,43.89769744873047,0.0622381865978241,-0.007262657396495342,0.0003,0.0003,0.06224137544631958
,,,,,17031,59.0,59,,,,,,,,,,
,,,,,17094,63.0,63,,,,,,,,,,
,,,,,17154,60.0,60,,,,,,,,,,
,,,,,17217,63.0,63,,,,,,,,,,
,,,,,17279,62.0,62,,,,,,,,,,
,,,,,17343,64.0,64,,,,,,,,,,
,,,,,17407,64.0,64,,,,,,,,,,
,,,,,17471,64.0,64,,,,,,,,,,
,,,,,17537,66.0,66,,,,,,,,,,
,,,,,17601,64.0,64,,,,,,,,,,
,,,,,17667,66.0,66,,,,,,,,,,
,,,,,17730,63.0,63,,,,,,,,,,
,,,,,17791,61.0,61,,,,,,,,,,
,,,,,17865,74.0,74,,,,,,,,,,
,,,,,17936,71.0,71,,,,,,,,,,
,,,,,18000,,,-47.179107666015625,-1.0330181121826172,12.25126838684082,44.181396484375,44.528846740722656,0.06526549905538559,-0.013701220974326134,0.0003,0.0003,0.06526810675859451
,,,,,18003,67.0,67,,,,,,,,,,
,,,,,18069,66.0,66,,,,,,,,,,
,,,,,18140,71.0,71,,,,,,,,,,
,,,,,18209,69.0,69,,,,,,,,,,
,,,,,18276,67.0,67,,,,,,,,,,
,,,,,18343,67.0,67,,,,,,,,,,
,,,,,18417,74.0,74,,,,,,,,,,
,,,,,18494,77.0,77,,,,,,,,,,
,,,,,18568,74.0,74,,,,,,,,,,
,,,,,18639,71.0,71,,,,,,,,,,
,,,,,18712,73.0,73,,,,,,,,,,
,,,,,18787,75.0,75,,,,,,,,,,
,,,,,18866,79.0,79,,,,,,,,,,
,,,,,18948,82.0,82,,,,,,,,,,
,,,,,19000,,,-48.56806945800781,-1.1247525215148926,13.388914108276367,46.117164611816406,45.826812744140625,0.06840734928846359,-0.01608394831418991,0.0003,0.0003,0.06841473281383514
,,,,,19024,76.0,76,,,,,,,,,,
,,,,,19103,79.0,79,,,,,,,,,,
,,,,,19180,77.0,77,,,,,,,,,,
,,,,,19260,80.0,80,,,,,,,,,,
,,,,,19343,83.0,83,,,,,,,,,,
,,,,,19422,79.0,79,,,,,,,,,,
,,,,,19506,84.0,84,,,,,,,,,,
,,,,,19587,81.0,81,,,,,,,,,,
,,,,,19672,85.0,85,,,,,,,,,,
,,,,,19756,84.0,84,,,,,,,,,,
,,,,,19849,93.0,93,,,,,,,,,,
,,,,,19937,88.0,88,,,,,,,,,,
90.7,5.139066,100.0,84.0,90.7,20000,,,-52.66706466674805,-1.1497571468353271,4.663132667541504,49.06996154785156,49.29173278808594,0.07248491793870926,-0.01664578728377819,0.0003,0.0003,0.07249243557453156
,,,,,20019,82.0,82,,,,,,,,,,
,,,,,20121,102.0,102,,,,,,,,,,
,,,,,20221,100.0,100,,,,,,,,,,
,,,,,20313,92.0,92,,,,,,,,,,
,,,,,20417,104.0,104,,,,,,,,,,
,,,,,20527,110.0,110,,,,,,,,,,
,,,,,20634,107.0,107,,,,,,,,,,
,,,,,20744,110.0,110,,,,,,,,,,
,,,,,20868,124.0,124,,,,,,,,,,
,,,,,21000,,,-53.30662155151367,-0.8431042432785034,5.748983383178711,51.38401412963867,51.448272705078125,0.0761711373925209,0.004025437869131565,0.0003,0.0003,0.07617558538913727
,,,,,21868,1000.0,1000,,,,,,,,,,
,,,,,22000,,,-55.345855712890625,-1.169835090637207,18.0682315826416,51.84551239013672,51.351776123046875,0.08072592318058014,0.00242874794639647,0.0003,0.0003,0.08072730898857117
,,,,,22868,1000.0,1000,,,,,,,,,,
,,,,,23000,,,-55.2630500793457,-1.2282782793045044,15.892945289611816,51.751312255859375,51.66876983642578,0.08485665172338486,-0.025559846311807632,0.0003,0.0003,0.08486233651638031
,,,,,23868,1000.0,1000,,,,,,,,,,
,,,,,24000,,,-60.15654754638672,-0.8837357759475708,14.875102043151855,59.192649841308594,58.829345703125,0.08907927572727203,0.005186878610402346,0.0003,0.0003,0.08908199518918991
,,,,,24868,1000.0,1000,,,,,,,,,,
1000.0,0.0,1000.0,1000.0,1000.0,25000,,,-57.49837875366211,-1.099484920501709,11.62913990020752,56.112091064453125,55.5340461730957,0.09373059868812561,-0.010886285454034805,0.0003,0.0003,0.09373465180397034
,,,,,25868,1000.0,1000,,,,,,,,,,
,,,,,26000,,,-60.1794319152832,-1.2500076293945312,23.69971466064453,57.68083190917969,57.22586441040039,0.09848964214324951,-0.01693570986390114,0.0003,0.0003,0.09849561005830765
,,,,,26868,1000.0,1000,,,,,,,,,,
,,,,,26951,83.0,83,,,,,,,,,,
,,,,,27000,,,-63.32857131958008,-0.9876304864883423,7.607021331787109,60.45808410644531,60.41233825683594,0.10300953686237335,0.0051146503537893295,0.0003,0.0003,0.10300853103399277
,,,,,27951,1000.0,1000,,,,,,,,,,
,,,,,28000,,,-63.92676544189453,-0.8433988094329834,8.833035469055176,62.26205062866211,62.42674255371094,0.10371467471122742,0.02481686696410179,0.0003,0.0003,0.10371248424053192
,,,,,28951,1000.0,1000,,,,,,,,,,
,,,,,29000,,,-68.03402709960938,-1.0632013082504272,5.520010948181152,65.84205627441406,65.84171295166016,0.10528678447008133,0.01985178329050541,0.0003,0.0003,0.10528203099966049
,,,,,29951,1000.0,1000,,,,,,,,,,
816.2,367.60025,1000.0,80.0,816.2,30000,,,-69.7902603149414,-0.9938462972640991,10.529908180236816,65.85093688964844,66.19054412841797,0.10793981701135635,0.00954735279083252,0.0003,0.0003,0.10794516652822495
,,,,,30951,1000.0,1000,,,,,,,,,,
,,,,,31000,,,-72.11197662353516,-1.0283899307250977,7.176499366760254,70.64405822753906,70.77867126464844,0.11155420541763306,-0.0023700138553977013,0.0003,0.0003,0.11156252771615982
,,,,,31951,1000.0,1000,,,,,,,,,,
,,,,,32000,,,-73.49378967285156,-1.0046342611312866,4.242563724517822,70.40047454833984,70.6203384399414,0.11458907276391983,0.0006834929808974266,0.0003,0.0003,0.11458669602870941
,,,,,32032,81.0,81,,,,,,,,,,
,,,,,32103,71.0,71,,,,,,,,,,
,,,,,32170,67.0,67,,,,,,,,,,
,,,,,33000,,,-74.52330780029297,-1.033118724822998,8.867252349853516,71.7188491821289,71.6949691772461,0.1162128746509552,0.0028706486336886883,0.0003,0.0003,0.11620733141899109
,,,,,33170,1000.0,1000,,,,,,,,,,
,,,,,34000,,,-73.98856353759766,-0.9292712807655334,28.771595001220703,72.01251220703125,71.80833435058594,0.11521570384502411,0.006327299401164055,0.0003,0.0003,0.11521322280168533
,,,,,34170,1000.0,1000,,,,,,,,,,
,,,,,34238,68.0,68,,,,,,,,,,
1000.0,0.0,1000.0,1000.0,1000.0,35000,,,-77.99665069580078,-1.0189557075500488,31.148601531982422,74.50749206542969,74.58477020263672,0.11368497461080551,0.0032886830158531666,0.0003,0.0003,0.11368080228567123
,,,,,35238,1000.0,1000,,,,,,,,,,
,,,,,36000,,,-77.68678283691406,-0.9772449135780334,6.426258087158203,75.5919189453125,76.072998046875,0.110214002430439,0.005549464374780655,0.0003,0.0003,0.11021023988723755
,,,,,36238,1000.0,1000,,,,,,,,,,
,,,,,37000,,,-79.13603210449219,-1.0889983177185059,11.651487350463867,76.91390991210938,76.20404052734375,0.1056182011961937,0.015448365360498428,0.0003,0.0003,0.10561666637659073
,,,,,37238,1000.0,1000,,,,,,,,,,
,,,,,38000,,,-79.88018035888672,-0.940453052520752,28.761751174926758,77.13005828857422,76.75590515136719,0.10184106975793839,-0.012002220377326012,0.0003,0.0003,0.10183553397655487
,,,,,38238,1000.0,1000,,,,,,,,,,
,,,,,39000,,,-85.63272094726562,-0.7528113126754761,4.991941928863525,79.9613265991211,79.9718017578125,0.09686743468046188,0.002425622660666704,0.0003,0.0003,0.0968615934252739
,,,,,39238,1000.0,1000,,,,,,,,,,
1000.0,0.0,1000.0,1000.0,1000.0,40000,,,-84.16626739501953,-0.8801990747451782,25.105587005615234,82.65201568603516,82.18821716308594,0.09255378693342209,0.014293834567070007,0.0003,0.0003,0.09255436062812805
,,,,,40238,1000.0,1000,,,,,,,,,,
,,,,,41000,,,-84.24374389648438,-0.9920973777770996,2.141505718231201,80.90988159179688,81.12263488769531,0.09202153235673904,-0.0008917386876419187,0.0003,0.0003,0.09202519804239273
,,,,,41238,1000.0,1000,,,,,,,,,,
,,,,,42000,,,-84.692626953125,-1.223985195159912,10.751312255859375,81.42948913574219,81.93576049804688,0.09393048286437988,-0.015643011778593063,0.0003,0.0003,0.09393513947725296
,,,,,42238,1000.0,1000,,,,,,,,,,
,,,,,43000,,,-84.19808959960938,-1.0891332626342773,15.712783813476562,82.14029693603516,82.6401596069336,0.09363609552383423,-0.011943496763706207,0.0003,0.0003,0.09363692253828049
,,,,,43238,1000.0,1000,,,,,,,,,,
,,,,,44000,,,-88.39278411865234,-0.968533992767334,13.785892486572266,85.05361938476562,85.13014221191406,0.0905127301812172,-0.002651622984558344,0.0003,0.0003,0.09051033109426498
,,,,,44238,1000.0,1000,,,,,,,,,,
906.4,280.8,1000.0,64.0,906.4,45000,,,-86.48242950439453,-1.069096326828003,11.533287048339844,83.13591003417969,83.16407775878906,0.08768519759178162,0.013861638493835926,0.0003,0.0003,0.08768269419670105
,,,,,45238,1000.0,1000,,,,,,,,,,
,,,,,46000,,,-89.13885498046875,-1.0185449123382568,3.0676302909851074,85.64373779296875,85.61410522460938,0.08741836249828339,-0.006901361979544163,0.0003,0.0003,0.08742155134677887
,,,,,46238,1000.0,1000,,,,,,,,,,
,,,,,47000,,,-91.08747863769531,-1.0024363994598389,5.65838098526001,87.27371978759766,87.43161010742188,0.08641373366117477,0.013123687356710434,0.0003,0.0003,0.08641011267900467
,,,,,47238,1000.0,1000,,,,,,,,,,
,,,,,48000,,,-90.95992279052734,-0.8310209512710571,7.11606502532959,87.9933853149414,88.03071594238281,0.08414389938116074,0.016549937427043915,0.0003,0.0003,0.08414004743099213
,,,,,48238,1000.0,1000,,,,,,,,,,
,,,,,49000,,,-92.80607604980469,-1.0560539960861206,6.3738555908203125,90.38980865478516,90.13397216796875,0.08349965512752533,0.003752951044589281,0.0003,0.0003,0.08350453525781631
,,,,,49238,1000.0,1000,,,,,,,,,,
